Date,Time,Open,High,Low,Close,Volume
2016.05.18,00:00,4321.5,4360.5,4304.5,4335.3,44532
2016.05.19,00:00,4332.8,4342.3,4287.5,4319,48546
2016.05.20,00:00,4314,4380.5,4314,4362,36154
2016.05.23,00:00,4359.3,4383.1,4350,4353.8,39038
2016.05.24,00:00,4353.5,4450.3,4343,4447.5,34150
2016.05.25,00:00,4446.5,4490,4444.5,4475.8,42145
2016.05.26,00:00,4477,4495,4464.5,4494,33084
2016.05.27,00:00,4495.5,4513,4487.7,4511.5,19164
2016.05.30,00:00,4511.5,4524.5,4508,4522,12520
2016.05.31,00:00,4519,4522.8,4516.5,4520.8,333
2016.06.01,00:00,4524.8,4537.6,4503.3,4521.8,26894
2016.06.02,00:00,4522,4533.3,4491.5,4531.8,28963
2016.06.03,00:00,4526,4535,4479.2,4508.7,31165
2016.06.06,00:00,4503.8,4537.1,4503.8,4525.6,27158
2016.06.07,00:00,4525,4546.1,4511.6,4514.8,28524
2016.06.08,00:00,4513.8,4530.1,4504.1,4519.2,31466
2016.06.09,00:00,4513.5,4522.3,4493.6,4513.6,32741
2016.06.10,00:00,4507.7,4513.1,4446.4,4461.8,35816
2016.06.13,00:00,4455.2,4463.1,4420.8,4427.1,63992
2016.06.14,00:00,4421.8,4441.6,4382.9,4426.8,53718
2016.06.15,00:00,4425.6,4444.6,4405.6,4414,58122
2016.06.16,00:00,4412.1,4430.3,4361.9,4425.9,82048
2016.06.17,00:00,4424,4441.1,4362.8,4373.5,69272
2016.06.20,00:00,4372.6,4446,4365.9,4398.7,43280
2016.06.21,00:00,4415.3,4424.9,4397.4,4410.1,47899
2016.06.22,00:00,4406.4,4443.1,4399.9,4404.6,46011
2016.06.23,00:00,4398.3,4473.5,4398.3,4473.5,58158
2016.06.24,00:00,4482.8,4502.2,4217.8,4283.6,220904
2016.06.27,00:00,4242.8,4277.2,4177.7,4187.4,99723
2016.06.28,00:00,4178.1,4291.2,4178.1,4290,64539
2016.06.29,00:00,4290,4374.7,4277.7,4372.2,59543
2016.06.30,00:00,4387.8,4419.2,4348,4411.6,71083
2016.07.01,00:00,4409.7,4454.8,4394.8,4436.9,48553
2016.07.04,00:00,4437.4,4460.2,4435,4449,15554
2016.07.05,00:00,4441,4445.9,4385.4,4412.1,54189
2016.07.06,00:00,4413.1,4448.2,4373.5,4446.9,74975
2016.07.07,00:00,4439.5,4469,4435.2,4460.3,55988
2016.07.08,00:00,4454.8,4531.2,4447.7,4528.5,64286
2016.07.11,00:00,4519.4,4571.2,4519.4,4557,41701
2016.07.12,00:00,4553,4589.7,4552.3,4587.5,20678
2016.08.17,00:00,4798.1,4809.1,4773.4,4806.1,21338
2016.08.18,00:00,4803.2,4815.2,4794.1,4808.9,25299
2016.08.19,00:00,4803.3,4817.9,4786.4,4806.9,26360
2016.08.22,00:00,4803.4,4819.1,4790.9,4809.6,32514
2016.08.23,00:00,4805.5,4837.6,4804.9,4818.8,28021
2016.08.24,00:00,4812.9,4823.9,4770.9,4784.6,32570
2016.08.29,00:00,4789.8,4805.3,4786,4791.5,17168
2016.08.30,00:00,4789.1,4798.5,4760.1,4776.8,29663
2016.08.31,00:00,4771.7,4779.1,4751.6,4771.9,32633
2016.09.01,00:00,4768.5,4795.2,4749.7,4783.6,37435
2016.09.02,00:00,4772.2,4817.9,4772.2,4798.1,41895
2016.09.05,00:00,4792.6,4805.9,4782.6,4793,12822
2016.09.06,00:00,4786.9,4829.2,4786.9,4828.5,29173
2016.09.07,00:00,4825.1,4839.6,4813,4831.5,27774
2016.09.08,00:00,4823.1,4837,4789.8,4802.7,37782
2016.09.09,00:00,4789.8,4798,4681.3,4681.3,51332
2016.09.12,00:00,4664.6,4772.5,4629.2,4765,67627
2016.09.13,00:00,4760.2,4764.6,4699.8,4721.8,71532
2016.09.14,00:00,4727.1,4771.2,4724.4,4745.7,57965
2016.09.15,00:00,4728.1,4826.7,4719.6,4820.5,49973
2016.09.16,00:00,4809.8,4822.9,4792.4,4815.9,50997
2016.09.19,00:00,4811.5,4845.2,4786.3,4795.5,37864
2016.09.20,00:00,4793.8,4824.5,4793.5,4805.3,40469
2016.09.21,00:00,4797.9,4860.5,4792.5,4854,50790
2016.09.22,00:00,4855.3,4898.3,4846.6,4893,29151
2016.09.23,00:00,4887.4,4895.8,4854.9,4861.4,28981
2016.09.26,00:00,4857.3,4865.8,4813.9,4820.4,35235
2016.09.27,00:00,4814.7,4870.9,4807.1,4868.6,44480
2016.09.28,00:00,4859.5,4879.3,4850.8,4876.3,41615
2016.09.29,00:00,4867.2,4882.3,4818.7,4839.4,55887
2016.09.30,00:00,4840.1,4891.4,4817.9,4875.3,44466
2016.10.03,00:00,4863.3,4884.1,4847.6,4868,30978
2016.10.04,00:00,4866.5,4892.4,4841.1,4860.6,46740
2016.10.05,00:00,4855.9,4893.1,4853.9,4877.9,31230
2016.10.06,00:00,4873.8,4885.6,4850.4,4875.2,31410
2016.10.07,00:00,4869.4,4888.1,4839.6,4863.9,47949
2016.10.10,00:00,4867.8,4906.5,4867.8,4895,24256
2016.10.11,00:00,4891.1,4902.3,4803.4,4823.1,43017
2016.10.12,00:00,4823.8,4845.1,4805.6,4821.3,42134
2016.10.13,00:00,4806.3,4818.7,4760.9,4803.9,46248
2016.10.14,00:00,4795.7,4847.2,4792.6,4810.3,44447
2016.10.17,00:00,4804.6,4816.9,4787.7,4797.3,40234
2016.10.18,00:00,4804.7,4863.4,4804.7,4840.4,30160
2016.10.19,00:00,4824.7,4847.1,4818.1,4838.8,26394
2016.10.20,00:00,4829.4,4850.8,4805.8,4834.2,34398
2016.10.21,00:00,4845.6,4855.8,4821.6,4852.1,31096
2016.10.24,00:00,4846.7,4914.1,4846.7,4910.9,24483
2016.10.25,00:00,4909.6,4926.4,4887.7,4893.7,25879
2016.10.26,00:00,4880.4,4888.8,4846.8,4861.5,34866
2016.10.27,00:00,4854.3,4887.4,4831.7,4839.5,38873
2016.10.28,00:00,4824,4850.6,4794.3,4806.8,58531
2016.10.31,00:00,4807.7,4837.5,4796.3,4804.3,32588
2016.11.01,00:00,4811,4824.5,4726.3,4768,43253
2016.11.02,00:00,4757.8,4775.7,4718.2,4729.2,53591
2016.11.03,00:00,4698.4,4733.2,4674.7,4680.2,47006
2016.11.04,00:00,4670,4699.2,4655.2,4661.4,45393
2016.11.07,00:00,4721.2,4778.9,4719.4,4774.9,30747
2016.11.08,00:00,4776.7,4827.1,4757.7,4806.4,42609
2016.11.09,00:00,4803.2,4842.2,4562,4825.5,174628
2016.11.10,00:00,4819.5,4884.4,4684.9,4747.8,105985
2016.11.11,00:00,4740.7,4759.3,4687.3,4751.3,82974
2016.11.14,00:00,4743.9,4789.2,4677.7,4703.2,79568
2016.11.15,00:00,4691.1,4781.2,4690.2,4765.7,57115
2016.11.16,00:00,4761.2,4796.7,4738.2,4793.4,51197
2016.11.17,00:00,4780.3,4828.9,4778.4,4828.4,44275
2016.11.18,00:00,4826.9,4842.4,4805.1,4809.9,38203
2016.11.21,00:00,4806.6,4864.2,4803.8,4860.2,35742
2016.11.22,00:00,4854.5,4886.8,4853.7,4875,29836
2016.11.23,00:00,4873.6,4884.7,4832.7,4854.5,32417
2016.11.24,00:00,4845.3,4865.3,4841.7,4865.3,10741
2016.11.25,00:00,4859.3,4872.4,4854.7,4872.4,18386
2016.11.28,00:00,4865.2,4881.4,4844.4,4859.6,33439
2016.11.29,00:00,4856.5,4899.4,4849.4,4875.6,33250
2016.11.30,00:00,4870.8,4886.4,4814.8,4815.1,43104
2016.12.01,00:00,4813,4829.3,4725,4735.5,55132
2016.12.02,00:00,4731.9,4761,4709.5,4741,45121
2016.12.05,00:00,4713.5,4798,4703.8,4779.3,42432
2016.12.06,00:00,4781.3,4799.4,4770.8,4790,36845
2016.12.07,00:00,4789.1,4857.4,4766.1,4852.6,45063
2016.12.08,00:00,4844.9,4873.9,4840.8,4862.6,51924
2016.12.09,00:00,4864.6,4902.7,4857.7,4900.1,36923
2016.12.12,00:00,4899.5,4922.2,4857.9,4877.8,37660
2016.12.13,00:00,4867.8,4967.3,4865.1,4940.8,35611
2016.12.14,00:00,4942,4962.5,4916.5,4928.7,50266
2016.12.15,00:00,4934.4,4966.9,4923.6,4938.6,59700
2016.12.16,00:00,4939.9,4956.9,4909.8,4920.1,38279
2016.12.19,00:00,4919.2,4972.2,4918.4,4941.7,27076
2016.12.20,00:00,4943.2,4969.2,4942.2,4960.9,23210
2016.12.21,00:00,4958.4,4966.1,4945.5,4956.4,18330
2016.12.22,00:00,4952.2,4958.9,4923.2,4941.3,21714
2016.12.23,00:00,4937.5,4947.3,4929,4946,15977
2016.12.27,00:00,4943.8,5000.6,4943.6,4972.3,15102
2016.12.28,00:00,4964.1,4985.4,4926.6,4930.1,26769
2016.12.29,00:00,4928,4939.7,4907.7,4921.6,28768
2016.12.30,00:00,4923.6,4946.1,4876.1,4878.2,21385
2017.01.03,00:00,4886.4,4933.4,4884.4,4913.4,41792
2017.01.04,00:00,4909.8,4947.5,4908,4938.5,30177
2017.01.05,00:00,4936.3,4969,4925.5,4965.8,33642
2017.01.06,00:00,4964.7,5022.4,4957.7,5008.9,32758
2017.01.09,00:00,5006.6,5034.9,5005.6,5025.9,25764
2017.01.10,00:00,5025.9,5052.1,5012.9,5037.4,29032
2017.01.11,00:00,5035.4,5050.9,5012.9,5050.1,43533
2017.01.12,00:00,5047.1,5049.6,4995.8,5042.6,39935
2017.01.13,00:00,5040.1,5068.6,5039.8,5060.1,29988
2017.01.16,00:00,5059.2,5062.2,5049.8,5055.2,8666
2017.01.17,00:00,5053.9,5059.1,5030.9,5045.4,35273
2017.01.18,00:00,5043.1,5063.1,5040.1,5056.8,29447
2017.01.19,00:00,5057.2,5080.9,5042.6,5052.9,29833
2017.01.20,00:00,5058.1,5088.1,5051.1,5063.9,38558
2017.01.23,00:00,5062.4,5076.2,5036.9,5067.9,33966
2017.01.24,00:00,5067.2,5110.1,5066.7,5102.4,24805
2017.01.25,00:00,5106.2,5154.9,5105.4,5153.4,23537
2017.01.26,00:00,5152.7,5174.9,5150.9,5158.9,27574
2017.01.27,00:00,5148,5173.5,5145.5,5168.4,25631
2017.01.30,00:00,5148.2,5160.6,5100.9,5130.9,29894
2017.01.31,00:00,5127.4,5130.4,5089.8,5120.1,32803
2017.02.01,00:00,5136.6,5164.2,5129.3,5153,38959
2017.02.02,00:00,5151.1,5164.3,5126.3,5148.4,36612
2017.02.03,00:00,5130.9,5167.9,5125.4,5161.7,31789
2017.02.06,00:00,5161.9,5168.9,5145.9,5167.9,28855
2017.02.07,00:00,5160.4,5197.4,5159.9,5185.9,24074
2017.02.08,00:00,5177.9,5202.2,5169.2,5195.7,25437
2017.02.09,00:00,5192.1,5222.1,5189.3,5211.3,24054
2017.02.10,00:00,5212.8,5235.3,5212.3,5227.6,26116
2017.02.13,00:00,5228.1,5263.3,5226.8,5256.6,20089
2017.02.14,00:00,5257,5272.7,5239.7,5272.2,24751
2017.02.15,00:00,5271.5,5305.7,5265.2,5303.2,24068
2017.02.16,00:00,5310,5316.8,5288.6,5301.6,28673
2017.02.17,00:00,5296.6,5324.6,5287.1,5324.6,25149
2017.02.20,00:00,5321.3,5345.6,5320.6,5340.5,9600
2017.02.21,00:00,5335.7,5353.7,5331.9,5350.2,18708
2017.02.22,00:00,5342.8,5355.5,5336.5,5352,20207
2017.02.23,00:00,5350.4,5361.2,5311.1,5332.9,24094
2017.02.24,00:00,5327.4,5342.9,5299.4,5342.9,26532
2017.02.27,00:00,5339.8,5352.1,5323.6,5348.6,28547
2017.02.28,00:00,5342.8,5349.6,5317.1,5331.7,23911
2017.03.01,00:00,5332.1,5399.1,5330.6,5389.4,30938
2017.03.02,00:00,5381.1,5392.9,5355.4,5362.1,27657
2017.03.03,00:00,5355.1,5372.6,5343.6,5371.9,28933
2017.03.06,00:00,5368.1,5368.1,5338.4,5359.4,21685
2017.03.07,00:00,5352.1,5373.4,5341.5,5350.5,19840
2017.03.08,00:00,5345.2,5376.9,5333.7,5359.7,26835
2017.03.09,00:00,5358.9,5372,5335.5,5364.5,28446
2017.03.10,00:00,5365,5395.2,5363.2,5385.7,27761
2017.03.13,00:00,5380.1,5396.1,5372.4,5394.4,19615
2017.03.14,00:00,5395,5396.8,5360.3,5382,19692
2017.03.15,00:00,5380,5428.3,5376.8,5415.8,23522
2017.03.16,00:00,5410.3,5436.6,5399.3,5411.1,22938
2017.03.17,00:00,5410.7,5422.7,5405.9,5406.2,17735
2017.03.20,00:00,5401.8,5425.4,5393.4,5412.9,16874
2017.03.21,00:00,5411,5438.7,5328.1,5332.1,45116
2017.03.22,00:00,5330.6,5374.1,5313.9,5368.1,42598
2017.03.23,00:00,5361.4,5376.4,5345.6,5356.4,40615
2017.03.24,00:00,5353.3,5393.3,5346,5366.8,37130
2017.03.27,00:00,5356,5384.5,5316.2,5374.7,49128
2017.03.28,00:00,5379.7,5423.5,5362.5,5407.7,33407
2017.03.29,00:00,5404.1,5434.1,5403.5,5432.2,26003
2017.03.30,00:00,5432.3,5449.5,5425.5,5440,24572
2017.03.31,00:00,5437.5,5451.8,5420,5436.2,22668
2017.04.03,00:00,5428.4,5453.5,5402.2,5432,32098
2017.04.04,00:00,5429,5441.5,5405.7,5440,26981
2017.04.05,00:00,5443.7,5480.2,5408,5419.2,34033
2017.04.06,00:00,5410.6,5436.1,5390.6,5420.8,42389
2017.04.07,00:00,5422.8,5435,5381.6,5418.5,45339
2017.04.10,00:00,5416.4,5443.1,5405.3,5421.8,29895
2017.04.11,00:00,5424.4,5428.9,5357.9,5398.6,51173
2017.04.12,00:00,5400.4,5412.6,5369.4,5376.1,44066
2017.04.13,00:00,5369.1,5399.1,5353.1,5353.1,40742
2017.04.17,00:00,5351.1,5398.6,5347.6,5397.9,22234
2017.04.18,00:00,5395.3,5405.1,5376,5389.9,36035
2017.04.19,00:00,5389.8,5431,5389,5398.2,27561
2017.04.20,00:00,5395.1,5455.1,5393.1,5441.8,29769
2017.04.21,00:00,5442.6,5455.1,5428.4,5441.1,28387
2017.04.24,00:00,5432.2,5513.7,5432.2,5507.9,32048
2017.04.25,00:00,5500.5,5559.1,5499.8,5549.8,20729
2017.04.26,00:00,5546.2,5565.3,5538.8,5541.8,32315
2017.04.27,00:00,5535.6,5573.8,5534.8,5572.8,26231
2017.04.28,00:00,5584.9,5600.4,5574.4,5582.9,27749
2017.05.01,00:00,5582.4,5640.7,5577.1,5631.2,18979
2017.05.02,00:00,5630.2,5645.1,5626.1,5643.6,21192
2017.05.03,00:00,5618.5,5634.1,5609.6,5624.4,22826
2017.05.04,00:00,5609.1,5637.4,5607.1,5626.7,32176
2017.05.05,00:00,5627.4,5647.3,5615.6,5647.2,26396
2017.05.08,00:00,5656.9,5659.4,5635.5,5655.7,28564
2017.05.09,00:00,5653,5688.5,5651.5,5675.8,23228
2017.05.10,00:00,5676.6,5680.6,5659.3,5678.6,25259
2017.05.11,00:00,5669.9,5673.9,5635.2,5672.3,26670
2017.05.12,00:00,5667.3,5685.7,5655.3,5684.5,22997
2017.05.15,00:00,5680.9,5705.5,5680.9,5702.2,19789
2017.05.16,00:00,5699,5724.4,5693,5723.7,21189
2017.05.17,00:00,5717.3,5719.1,5577.7,5579.2,54713
2017.05.18,00:00,5570.9,5646.4,5548.7,5627.4,65289
2017.05.19,00:00,5627.9,5674.9,5620.4,5651.1,35047
2017.05.22,00:00,5649.9,5702.5,5647.6,5699.7,29456
2017.05.23,00:00,5699.9,5717.1,5687.2,5704.5,31568
2017.05.24,00:00,5705.9,5733.2,5703.9,5730.5,27012
2017.05.25,00:00,5728.4,5794.4,5728.4,5779.7,30780
2017.05.26,00:00,5778.3,5791.6,5771.1,5788.4,24678
2017.05.29,00:00,5789.9,5801.1,5789.9,5793.6,5634
2017.05.30,00:00,5791.8,5801,5776.8,5794,24556
2017.05.31,00:00,5788,5817.3,5761.8,5790.4,35043
2017.06.01,00:00,5799.6,5816.4,5779.6,5816.4,31264
2017.06.02,00:00,5820.6,5883.4,5819.6,5881.9,32850
2017.06.05,00:00,5877.1,5891,5872.7,5880.8,22758
2017.06.06,00:00,5878.6,5893.6,5849.9,5858.6,29816
2017.06.07,00:00,5860.2,5886.4,5847.5,5880.9,33061
2017.06.08,00:00,5877.6,5900.1,5856.3,5888.5,34638
2017.06.09,00:00,5874.4,5903.4,5664.9,5740.6,65655
2017.06.12,00:00,5743.6,5746.3,5639.6,5712.1,79128
2017.06.13,00:00,5715.1,5765.1,5711.9,5756.4,43612
2017.06.14,00:00,5755.5,5784.3,5684,5730.5,58556
2017.06.15,00:00,5723.6,5728.6,5638.1,5705.1,61339
2017.06.16,00:00,5702.9,5723.9,5657.9,5681.9,51112
2017.06.19,00:00,5688.1,5779.4,5680.1,5772.9,38947
2017.06.20,00:00,5762.7,5780.7,5726,5727.5,43384
2017.06.21,00:00,5722.8,5787.5,5696,5784.5,55646
2017.06.22,00:00,5787.8,5810.5,5768,5782.4,42319
2017.06.23,00:00,5781.1,5812.6,5760.6,5804.8,35797
2017.06.26,00:00,5801.1,5850.3,5766.7,5778.8,48443
2017.06.27,00:00,5775.9,5782.4,5673,5673.5,59467
2017.06.28,00:00,5670.3,5760.4,5630.8,5755.4,55950
2017.06.29,00:00,5761.9,5773.6,5600,5654.6,80239
2017.06.30,00:00,5645.3,5685.1,5622.3,5650.1,52693
2017.07.03,00:00,5657.3,5689.6,5580.5,5588.1,39897
2017.07.04,00:00,5587.9,5617.9,5560.4,5574.9,20871
2017.07.05,00:00,5568.4,5665.7,5565.9,5650.2,57980
2017.07.06,00:00,5647.4,5650.1,5579.1,5599.6,62005
2017.07.07,00:00,5596.5,5675.7,5590.8,5657.7,41950
2017.07.10,00:00,5659.5,5711.2,5650,5697.2,38408
2017.07.11,00:00,5689.8,5720.8,5667.4,5712.7,43430
2017.07.12,00:00,5716.7,5787.9,5712.7,5782.4,41029
2017.07.13,00:00,5785.4,5811.5,5778,5794.5,39154
2017.07.14,00:00,5797,5848,5788.2,5840.5,31572
2017.07.17,00:00,5843.5,5864,5832,5842.2,32778
2017.07.18,00:00,5856.4,5883,5820.9,5882.3,37424
2017.07.19,00:00,5893.9,5925.6,5889.9,5916.9,32084
2017.07.20,00:00,5918.1,5939.3,5898.1,5924.8,34767
2017.07.21,00:00,5930,5932,5892.3,5922.3,37887
2017.07.24,00:00,5919.8,5953.3,5906.8,5948.1,28527
2017.07.25,00:00,5923.8,5948.5,5918.1,5934.6,33072
2017.07.26,00:00,5933.1,5956.9,5929.6,5953.7,25746
2017.07.27,00:00,5964.4,5997.9,5847.6,5918.1,52243
2017.07.28,00:00,5907.1,5920.5,5852.8,5911,52272
2017.07.31,00:00,5909,5935.8,5873,5883.8,37031
2017.08.01,00:00,5883.2,5918.4,5878.4,5897.7,35890
2017.08.02,00:00,5935.6,5950.9,5860.1,5915.7,46827
2017.08.03,00:00,5912.8,5927.1,5880.4,5892.8,41648
2017.08.04,00:00,5890.2,5915.2,5877.5,5901.2,41020
2017.08.07,00:00,5901.3,5939.8,5899.6,5936.8,23081
2017.08.08,00:00,5936.2,5976.2,5911.4,5928.1,32321
2017.08.09,00:00,5910.4,5922.4,5865.4,5920.7,56088
2017.08.10,00:00,5920.6,5923.1,5784.4,5789.9,65334
2017.08.11,00:00,5764.9,5846.8,5762.3,5833.5,62097
2017.08.14,00:00,5842.2,5918.6,5842.2,5909.6,38986
2017.08.15,00:00,5908.4,5942.9,5894.4,5910.2,35937
2017.08.16,00:00,5911.3,5948.3,5900.7,5920.1,37727
2017.08.17,00:00,5914.5,5922.5,5799,5799.2,58285
2017.08.18,00:00,5790,5834,5771.6,5793.5,54379
2017.08.21,00:00,5809,5816,5752.4,5788.3,53633
2017.08.22,00:00,5792.2,5881.4,5791.2,5875.7,31426
2017.08.23,00:00,5874.4,5883.4,5841.2,5853.9,39649
2017.08.24,00:00,5842.2,5874.1,5803.3,5836.8,49657
2017.08.25,00:00,5843.9,5874.4,5817.5,5824.6,47851
2017.08.28,00:00,5805.8,5855.8,5801.8,5840.9,40924
2017.08.29,00:00,5810.8,5875.1,5777.1,5865.2,60648
2017.08.30,00:00,5866.4,5943.5,5863,5934.5,29041
2017.08.31,00:00,5930.6,5997.1,5930.3,5990.3,38558
2017.09.01,00:00,5991.5,6020.1,5973.8,5989.2,37481
2017.09.04,00:00,5961.6,5983.5,5948.3,5983.5,17974
2017.09.05,00:00,5974.5,5986.3,5891.5,5935.5,62468
2017.09.06,00:00,5940.5,5967.7,5911.3,5953.9,53486
2017.09.07,00:00,5945.9,5983.5,5933.9,5967.9,53369
2017.09.08,00:00,5969.3,5974.5,5910.6,5916.9,40520
2017.09.11,00:00,5945.9,5995.6,5941.6,5983.1,32179
2017.09.12,00:00,5983.4,6007.3,5970.6,5998.1,44077
2017.09.13,00:00,6001.1,6006.8,5979.1,6005.6,33786
2017.09.14,00:00,6001.4,6004.1,5965.2,5969.5,28981
2017.09.15,00:00,5965.4,6012.4,5945.6,5988.9,37414
2017.09.18,00:00,5993.2,6014.7,5964.4,5982.2,30325
2017.09.19,00:00,5984.4,6001.9,5972.4,5992.6,33199
2017.09.20,00:00,5987.1,5998,5928.3,5975.3,39038
2017.09.21,00:00,5968.3,5977.8,5917.1,5938,40083
2017.09.22,00:00,5940.7,5943,5909.2,5933.2,36398
2017.09.25,00:00,5926.5,5952.4,5840.6,5869.6,54474
2017.09.26,00:00,5874.8,5910.8,5861.1,5886.3,45989
2017.09.27,00:00,5886.1,5961.4,5885.3,5940.4,43613
2017.09.28,00:00,5935.8,5947,5910.3,5935.5,40631
2017.09.29,00:00,5933.5,5983.6,5932.3,5979.8,31523
2017.10.02,00:00,5978.8,6008.7,5957.4,5983.4,35019
2017.10.03,00:00,5980.8,6003.3,5977.3,5997,27807
2017.10.04,00:00,5994,6013.4,5977.7,6000.9,28884
2017.10.05,00:00,5999.7,6062.8,5998.9,6059.5,28165
2017.10.06,00:00,6056.8,6069.5,6035.8,6065.3,23976
2017.10.09,00:00,6058.3,6082.1,6053.4,6060.6,25400
2017.10.10,00:00,6058.9,6087.1,6038.4,6066.5,36161
2017.10.11,00:00,6061.1,6085.8,6053,6084.5,28427
2017.10.12,00:00,6080,6096.7,6066.2,6073.5,27581
2017.10.13,00:00,6069.7,6104.1,6068.7,6096.4,25850
2017.10.16,00:00,6099.4,6119.4,6099.3,6117.9,23667
2017.10.17,00:00,6117.4,6126.8,6106.6,6125.6,16379
2017.10.18,00:00,6123.1,6134.1,6109.6,6118.3,21838
2017.10.19,00:00,6118.3,6123.1,6052.8,6095.4,55616
2017.10.20,00:00,6094.4,6131.4,6092.4,6110.5,29672
2017.10.23,00:00,6109.1,6126.9,6063.5,6071.4,23552
2017.10.24,00:00,6063.9,6094.9,6059.7,6083.2,25600
2017.10.25,00:00,6073.6,6090.1,6014.1,6057.9,40387
2017.10.26,00:00,6064.3,6078.8,6038.1,6042.3,34560
2017.10.27,00:00,6091.3,6228.5,6082,6215.5,36232
2017.10.30,00:00,6210.2,6254.5,6205.5,6230.5,35724
2017.10.31,00:00,6221.3,6261.5,6220.3,6252.3,21051
2017.11.01,00:00,6250.2,6287.7,6227,6250.5,33209
2017.11.02,00:00,6228.9,6250.9,6196.2,6238.2,41474
2017.11.03,00:00,6251.2,6299.5,6240,6297,27902
2017.11.06,00:00,6284.1,6320.1,6270.9,6316.4,27721
2017.11.07,00:00,6310.4,6334.1,6299.6,6320.6,31381
2017.11.08,00:00,6311.3,6348.8,6304.5,6347.3,26139
2017.11.09,00:00,6340.5,6354.3,6248,6312.5,55725
2017.11.10,00:00,6309.3,6320.8,6281.5,6309,36164
2017.11.13,00:00,6311.1,6325.6,6281.9,6317.4,29582
2017.11.14,00:00,6308.6,6318.9,6263.6,6295.5,32280
2017.11.15,00:00,6288,6292.2,6228.7,6261,43253
2017.11.16,00:00,6258.2,6354.9,6257.2,6340.9,28779
2017.11.17,00:00,6336.2,6348.2,6309.8,6314.9,31300
2017.11.20,00:00,6306.3,6326.3,6288.8,6310.4,35611
2017.11.21,00:00,6309.2,6382.5,6308.5,6379.2,26491
2017.11.22,00:00,6373.4,6392.4,6372.6,6386.4,20853
2017.11.23,00:00,6381.6,6395.3,6373.3,6382.3,9950
2017.11.24,00:00,6385,6413.3,6377.3,6411.8,15917
2017.11.27,00:00,6407,6422.7,6393.4,6407.4,24605
2017.11.28,00:00,6406.7,6427.5,6386.9,6424,28427
2017.11.29,00:00,6416.4,6426.2,6281.5,6312.7,57773
2017.11.30,00:00,6302.6,6375.6,6287.6,6364.8,47659
2017.12.01,00:00,6350.3,6367.5,6245,6337.3,80247
2017.12.04,00:00,6386,6387,6257.2,6264,59253
2017.12.05,00:00,6255.7,6339.4,6231.4,6267.1,61052
2017.12.06,00:00,6268,6307.3,6232.8,6296.3,71026
2017.12.07,00:00,6293.8,6336,6289.8,6319,41933
2017.12.08,00:00,6320.8,6379.8,6320.8,6346.1,34316
2017.12.11,00:00,6345.5,6401.3,6345,6398.8,29344
2017.12.12,00:00,6404.8,6412.3,6376.6,6391.2,30123
2017.12.13,00:00,6387.6,6423.9,6369.7,6402.7,40625
2017.12.14,00:00,6401.3,6429.8,6390.3,6395.5,33139
2017.12.15,00:00,6391.8,6477.3,6385.5,6467.8,27586
2017.12.18,00:00,6481.8,6528.5,6481.8,6521.3,27506
2017.12.19,00:00,6518.6,6532.6,6467.1,6484.9,27742
2017.12.20,00:00,6487.1,6516.6,6451.2,6478.2,25500
2017.12.21,00:00,6471.5,6512.7,6464,6485.4,26169
2017.12.22,00:00,6478.5,6494.8,6461.1,6483.3,20729
2017.12.27,00:00,6452.8,6470.5,6437.3,6444,25674
2017.12.28,00:00,6444.4,6472.4,6437.4,6444.7,14774
2017.12.29,00:00,6436,6463,6412.7,6419.2,16846
2018.01.02,00:00,6417.2,6519.2,6393.7,6516.9,20739
2018.01.03,00:00,6505.2,6587.2,6505.2,6580.5,23153
2018.01.04,00:00,6576.7,6612.5,6575.5,6591.2,29455
2018.01.05,00:00,6598.8,6662.3,6595.3,6656.5,23803
2018.01.08,00:00,6659.7,6686.7,6649.9,6681.7,23509
2018.01.09,00:00,6682.3,6704,6664.1,6686.2,31146
2018.01.10,00:00,6672.5,6683.8,6625.4,6669.7,48058
2018.01.11,00:00,6669.5,6714.5,6661.7,6714.5,33424
2018.01.12,00:00,6717,6771.3,6701,6763.8,37311
2018.01.15,00:00,6780.8,6796.6,6771.6,6779.1,15705
2018.01.16,00:00,6775.1,6844.4,6728.1,6747.4,62005
2018.01.17,00:00,6758.4,6833.4,6743.9,6822.2,47558
2018.01.18,00:00,6816.4,6837.4,6795.4,6822.4,47934
2018.01.19,00:00,6812.9,6855.7,6801.2,6844.5,53784
2018.01.22,00:00,6828.1,6918.3,6823.8,6918.3,43208
2018.01.23,00:00,6927.9,6981.5,6920.6,6975,52688
2018.01.24,00:00,6953.6,7004.8,6889.3,6930.6,78910
2018.01.25,00:00,6931.8,6988.8,6904.1,6926.3,73026
2018.01.26,00:00,6937.6,7031.4,6936.4,7031.1,48789
2018.01.29,00:00,7032.1,7051.9,6985.6,6998.6,68310
2018.01.30,00:00,6997.5,7011.5,6908.1,6946.1,95842
2018.01.31,00:00,6943.3,6996.5,6928.1,6968.1,77653
2018.02.01,00:00,6978.6,6993.1,6890.4,6913.1,80705
2018.02.02,00:00,6956.8,6969.1,6768.1,6770.1,115671
2018.02.05,00:00,6757.3,6819.8,6497.1,6501.1,134592
2018.02.06,00:00,6461.5,6681.5,6265.8,6672,205437
2018.02.07,00:00,6648.2,6722.9,6570.7,6586.3,138547
2018.02.08,00:00,6548.7,6624.2,6307.4,6308.4,114520
2018.02.09,00:00,6329,6458.8,6167.8,6413,159119
2018.02.12,00:00,6440.4,6571.6,6418.4,6530.1,97979
2018.02.13,00:00,6528.7,6574.2,6475.4,6558.9,87571
2018.02.14,00:00,6554.4,6690.4,6456.7,6681.4,90662
2018.02.15,00:00,6677.3,6802.6,6670.5,6802.6,78602
2018.02.16,00:00,6815.2,6860.4,6763.2,6776.4,79490
2018.02.19,00:00,6782.7,6821.2,6760.4,6781.4,23277
2018.02.20,00:00,6783.4,6845.9,6725.6,6786.1,97998
2018.02.21,00:00,6788.6,6887.4,6765.4,6765.6,84365
2018.02.22,00:00,6753.1,6833.1,6699.6,6768.6,97119
2018.02.23,00:00,6791.6,6904.3,6785.1,6903.8,69610
2018.02.26,00:00,6923.9,6996.4,6893.7,6996.2,58832
2018.02.27,00:00,7003.2,7011.7,6908.2,6908.4,80309
2018.02.28,00:00,6914.9,6973.2,6863.4,6863.4,82702
2018.03.01,00:00,6881.2,6901.7,6692.2,6754.2,133049
2018.03.02,00:00,6767,6826.3,6649,6814.8,125790
2018.03.05,00:00,6792.9,6908.4,6746.7,6888.7,113093
2018.03.06,00:00,6884.1,6943.4,6876.4,6918.6,110703
2018.03.07,00:00,6835.1,6941.4,6803.4,6935.1,123046
2018.03.08,00:00,6925,6978,6918.3,6971.7,67101
2018.03.09,00:00,6969.7,7106.7,6964.7,7106.7,50238
2018.03.12,00:00,7106.1,7165.1,7105.6,7139.8,58265
2018.03.13,00:00,7140.7,7194.7,7031.2,7051.7,68057
2018.03.14,00:00,7033.8,7102,7017.9,7047.4,89258
2018.03.15,00:00,7039.1,7080.6,7009.1,7035.9,69185
2018.03.16,00:00,7052.2,7065.4,7014.2,7019.4,54874
2018.03.19,00:00,7021.5,7024.3,6803.8,6867.3,98872
2018.03.20,00:00,6890.1,6911.3,6846.8,6889.5,85435
2018.03.21,00:00,6898.8,6934,6826.8,6855,74636
2018.03.22,00:00,6864.8,6899.5,6678.8,6682,121755
2018.03.23,00:00,6674.4,6705.9,6505.4,6505.4,170368
2018.03.26,00:00,6529.7,6764.8,6511.2,6757,124226
2018.03.27,00:00,6758.4,6834.4,6475.4,6527.6,142703
2018.03.28,00:00,6533.8,6568.1,6407.3,6457.3,172540
2018.03.29,00:00,6473.2,6640.2,6431.2,6576.5,138854
2018.04.02,00:00,6542.7,6576.4,6315.9,6387.7,120590
2018.04.03,00:00,6393,6486.4,6340.8,6458.5,125620
2018.04.04,00:00,6453.5,6581.8,6296.8,6562.3,143215
2018.04.05,00:00,6571.6,6644.4,6549.8,6595.9,120551
2018.04.06,00:00,6593.1,6598.3,6399.1,6431.3,142982
2018.04.09,00:00,6457.8,6610.2,6452.6,6475.4,107788
2018.04.10,00:00,6478.5,6644.2,6464,6619.7,108321
2018.04.11,00:00,6615.4,6655.9,6543.6,6586.9,90063
2018.04.12,00:00,6585.7,6687,6582.9,6659.8,63961
2018.04.13,00:00,6657.3,6706.3,6600.4,6629.4,92098
2018.04.16,00:00,6680.1,6705.2,6634.7,6679,83763
2018.04.17,00:00,6696.1,6839.8,6693.8,6821.8,73117
2018.04.18,00:00,6810.6,6862.6,6792.6,6838.1,74330
2018.04.19,00:00,6851.9,6862.2,6751.4,6777.6,90188
2018.04.20,00:00,6770.9,6786.7,6643.2,6668.7,90938
2018.04.23,00:00,6703,6725.7,6614.7,6651,90618
2018.04.24,00:00,6656.2,6715.7,6465.2,6509.4,119712
2018.04.25,00:00,6520.9,6544.4,6427.6,6518.7,123431
2018.04.26,00:00,6585.2,6676.5,6557.7,6653.5,91506
2018.04.27,00:00,6739.7,6770.4,6621.8,6660.2,97559
2018.04.30,00:00,6662,6717.7,6595.8,6610.2,60922
2018.05.01,00:00,6605.2,6688.2,6578.7,6685,61572
2018.05.02,00:00,6710,6728.4,6637.5,6644.7,54295
2018.05.03,00:00,6626.7,6669.2,6537.5,6644,77369
2018.05.04,00:00,6661.1,6786.8,6609.3,6771.3,63099
2018.05.07,00:00,6772.4,6850.2,6768.4,6826.4,69089
2018.05.08,00:00,6814,6836.6,6770.4,6816.9,95824
2018.05.09,00:00,6818.1,6900.1,6807.6,6895.1,57727
2018.05.10,00:00,6893.9,6970.2,6887.7,6965.9,67796
2018.05.11,00:00,6945.8,6975.6,6924.9,6954.4,56196
2018.05.14,00:00,6963.5,7010.8,6955.8,6966.5,45099
2018.05.15,00:00,6965.2,6973.9,6852.2,6889.5,68196
2018.05.16,00:00,6887,6947.9,6870.3,6932.1,50752
2018.05.17,00:00,6925.8,6955.6,6869.1,6902.6,56957
2018.05.18,00:00,6895.7,6930,6856.8,6867.8,73529
2018.05.21,00:00,6919.5,6952,6876.7,6907.7,55532
2018.05.22,00:00,6906.1,6950.4,6886.1,6898.6,57611
2018.05.23,00:00,6898.3,6956.8,6826.5,6956.5,88285
2018.05.24,00:00,6950.6,6970.3,6881.8,6951.6,81875
2018.05.25,00:00,6950,6999.5,6939.5,6961.2,70718
2018.05.28,00:00,6985.7,7005.2,6968.2,6990.7,26382
2018.05.29,00:00,6983.1,6992.3,6888.6,6930.3,113342
2018.05.30,00:00,6942,6992.5,6916.5,6980,80712
2018.05.31,00:00,6972.8,7021.9,6957.2,6973.7,67302
2018.06.01,00:00,6977.1,7089.3,6973.8,7085.8,65050
2018.06.04,00:00,7072.9,7151.4,7068.7,7147.4,60611
2018.06.05,00:00,7146.6,7184.6,7137.6,7172.1,58096
2018.06.06,00:00,7179.8,7214.5,7142.5,7214.5,59487
2018.06.07,00:00,7213.3,7234.1,7116.8,7154.1,77832
2018.06.08,00:00,7156.6,7163.2,7078.2,7152.7,57636
2018.06.11,00:00,7127.5,7190.7,7124,7172.5,50448
2018.06.12,00:00,7165.4,7219.4,7158.1,7213.4,55239
2018.06.13,00:00,7216.7,7267.3,7196.3,7208.8,57108
2018.06.14,00:00,7204.2,7297.6,7182,7286.4,65826
2018.06.15,00:00,7279.1,7294.9,7221.9,7257.4,75942
2018.06.18,00:00,7250,7267.3,7186.5,7252.5,59406
2018.06.19,00:00,7250.1,7256.1,7135.9,7230.6,100166
2018.06.20,00:00,7229.5,7313.2,7204.7,7284,79887
2018.06.21,00:00,7291.7,7335.4,7204.4,7218.4,101986
2018.06.22,00:00,7202.1,7252.3,7176.9,7195.8,77755
2018.06.25,00:00,7197,7202.5,6976,7039,113012
2018.06.26,00:00,7046.2,7111,7020.9,7070.9,105426
2018.06.27,00:00,7075.9,7132.6,6969.6,6971.4,129551
2018.06.28,00:00,6977.8,7057.5,6937.8,7034.3,124014
2018.06.29,00:00,7036.2,7105,7027.2,7044.5,99642
2018.07.02,00:00,7054.4,7100.9,6969.9,7100.1,103159
2018.07.03,00:00,7091.8,7147.5,7005,7005.5,78432
2018.07.04,00:00,7000.2,7035.7,6995.4,7025.9,29157
2018.07.05,00:00,7022.5,7109,6999.3,7103.5,95332
2018.07.06,00:00,7098.2,7220.2,7083.9,7211.2,90916
2018.07.09,00:00,7212.9,7280.9,7212.7,7279.4,67271
2018.07.10,00:00,7280.1,7318.6,7259.6,7284.1,68349
2018.07.11,00:00,7240.7,7273.5,7188.5,7240.7,100522
2018.07.12,00:00,7235.7,7370.7,7233.2,7368.2,77432
2018.07.13,00:00,7362.1,7398.1,7351.6,7377.4,70558
2018.07.16,00:00,7386.9,7398.6,7348.8,7360.9,70338
2018.07.17,00:00,7302.1,7420.2,7277.9,7406.2,80286
2018.07.18,00:00,7405,7422,7365.6,7389.1,68361
2018.07.19,00:00,7379.8,7400.3,7341.6,7352.6,80182
2018.07.20,00:00,7360.1,7397.8,7335.1,7347,86927
2018.07.23,00:00,7353.8,7375.3,7296.6,7365.3,68916
2018.07.24,00:00,7397.8,7474.6,7372.1,7401.5,87220
2018.07.25,00:00,7398.8,7512,7382.4,7508,76103
2018.07.26,00:00,7372.7,7428.9,7371.7,7394.9,89522
2018.07.27,00:00,7414.7,7455,7252,7294.7,102396
2018.07.30,00:00,7280.4,7298.7,7156.7,7193.1,106816
2018.07.31,00:00,7196.3,7273.3,7179.3,7233.6,93278
2018.08.01,00:00,7278.6,7294.3,7231.6,7272.1,98545
2018.08.02,00:00,7273.5,7379.8,7205,7371,97158
2018.08.03,00:00,7377.7,7405,7352.7,7392.7,86529
2018.08.06,00:00,7394.9,7438.5,7378,7437.7,66260
2018.08.07,00:00,7431.1,7477.3,7430.8,7462.3,64231
2018.08.08,00:00,7467,7486.2,7433.2,7468,65624
2018.08.09,00:00,7452.6,7496.5,7448,7464.8,61420
2018.08.10,00:00,7458.5,7460.7,7379.9,7406.4,91852
2018.08.13,00:00,7411.4,7468.9,7369.2,7400.7,103051
2018.08.14,00:00,7409.3,7455,7387.5,7447.2,83349
2018.08.15,00:00,7448.6,7453.9,7307.2,7354.6,106188
2018.08.16,00:00,7366.1,7423.3,7352.5,7375.3,82032
2018.08.17,00:00,7370.5,7394.8,7311,7378,95661
2018.08.20,00:00,7379.9,7410.5,7341.7,7371.1,71647
2018.08.21,00:00,7365.6,7442.2,7359.1,7396.9,58748
2018.08.22,00:00,7357.8,7434.6,7341.9,7425.6,68808
2018.08.23,00:00,7423.1,7465.1,7401.6,7413.4,68282
2018.08.24,00:00,7415.7,7489.8,7410,7484.8,56743
2018.08.27,00:00,7490.2,7559.7,7490.2,7559.5,51025
2018.08.28,00:00,7559.8,7589.1,7556.6,7570.6,51228
2018.08.29,00:00,7569.6,7663.8,7569.6,7660.8,48712
2018.08.30,00:00,7664.7,7689.4,7618.1,7641.6,73925
2018.08.31,00:00,7631.2,7674.9,7626.4,7651.9,67071
2018.09.03,00:00,7662.8,7680.5,7652.8,7678.8,24005
2018.09.04,00:00,7674,7687.2,7581.3,7623,97715
2018.09.05,00:00,7635.8,7638.1,7498.6,7523.4,109521
2018.09.06,00:00,7527.5,7539.2,7404,7454.7,113245
2018.09.07,00:00,7448.7,7489.4,7389.1,7431.4,130690
2018.09.10,00:00,7428.8,7480.5,7411,7451.7,89046
2018.09.11,00:00,7456.3,7520.8,7401.5,7508.5,92465
2018.09.12,00:00,7510.7,7538.1,7422.1,7487.9,115186
2018.09.13,00:00,7477.9,7579.5,7467,7561,93580
2018.09.14,00:00,7559.6,7595.9,7510.8,7542.9,64855
2018.09.17,00:00,7532.3,7547,7430,7436.7,83120
2018.09.18,00:00,7433.4,7535.9,7395,7499,80489
2018.09.19,00:00,7498.9,7518.1,7443.1,7493.1,71479
2018.09.20,00:00,7501.3,7586.1,7486.6,7573.4,64804
2018.09.21,00:00,7575.9,7610.1,7524.6,7532.6,70784
2018.09.24,00:00,7508,7559.1,7449.3,7554.6,81962
2018.09.25,00:00,7565.6,7578.9,7526.4,7566.9,64259
2018.09.26,00:00,7572.5,7643.5,7558,7569.2,68930
2018.09.27,00:00,7565.5,7662.2,7561.7,7634.7,66651
2018.09.28,00:00,7638.7,7652.5,7593.5,7632.7,83727
2018.10.01,00:00,7648.4,7706.2,7630,7648.2,83011
2018.10.02,00:00,7649.6,7690.3,7608,7631.3,94603
2018.10.03,00:00,7631.8,7681.9,7619.9,7640.9,84175
2018.10.04,00:00,7627.2,7627.2,7434.5,7491.1,127957
2018.10.05,00:00,7497.9,7518.2,7325.7,7398.9,140116
2018.10.08,00:00,7425.9,7432.8,7267.1,7356.6,143237
2018.10.09,00:00,7371,7436.2,7318,7376.2,134976
2018.10.10,00:00,7375,7393.3,7043.6,7055.1,172474
2018.10.11,00:00,6991.2,7121.6,6890.9,6967.1,206695
2018.10.12,00:00,7026.4,7182.1,7018.8,7160.3,176479
2018.10.15,00:00,7162.1,7163,7044.4,7070.6,145359
2018.10.16,00:00,7053.1,7297.6,7046.1,7278.3,131259
2018.10.17,00:00,7329,7354.6,7208.7,7283.7,158698
2018.10.18,00:00,7289.6,7293.1,7081.4,7117.9,164585
2018.10.19,00:00,7140,7231.4,7080.9,7107.7,163992
2018.10.22,00:00,7061.7,7199.1,7046.1,7144.7,169275
2018.10.23,00:00,7139.6,7153,6933.8,7121.3,200276
2018.10.24,00:00,7123.9,7163.3,6776.3,6784.3,196871
2018.10.25,00:00,6865,7066,6807.4,7022.8,197260
2018.10.26,00:00,6866.8,6976.8,6725.3,6846,240094
2018.10.29,00:00,6884.7,6983.6,6572.9,6721.9,210445
2018.10.30,00:00,6708.8,6816.7,6652.9,6810.4,215134
2018.10.31,00:00,6855.5,7030.5,6808.7,6966.3,208763
2018.11.01,00:00,6947.3,7071.2,6929.1,7066.5,173733
2018.11.02,00:00,6971.3,7135.2,6905.9,6954.1,206348
2018.11.05,00:00,6964.6,6992.7,6859.5,6937.2,145841
2018.11.06,00:00,6939.5,7027.4,6900.8,6989.7,143101
2018.11.07,00:00,7000.2,7207.8,6965.7,7204.5,168446
2018.11.08,00:00,7203.7,7220.9,7122.7,7158.7,149331
2018.11.09,00:00,7132,7156.8,6980,7036.2,163431
2018.11.12,00:00,7014.6,7095.6,6818.4,6830.1,180727
2018.11.13,00:00,6836.4,6954.5,6794.4,6832,200681
2018.11.14,00:00,6847.7,6919.2,6736.8,6773,189901
2018.11.15,00:00,6771.3,6910.4,6702.2,6894.1,190296
2018.11.16,00:00,6862.9,6901.3,6796.8,6869.3,173132
2018.11.19,00:00,6864.8,6926,6624.8,6644.3,182835
2018.11.20,00:00,6655.8,6662.2,6442,6528.4,206088
2018.11.21,00:00,6519.3,6640.7,6501.7,6576.3,163725
2018.11.22,00:00,6573,6590.9,6500.2,6514.7,59160
2018.11.23,00:00,6515.9,6595,6489.3,6524.6,106189
2018.11.26,00:00,6537.2,6682.8,6524.4,6680.5,140642
2018.11.27,00:00,6635.3,6718.7,6609.6,6703,152402
2018.11.28,00:00,6721.3,6917.9,6705.6,6916.4,147374
2018.11.29,00:00,6902.8,6940.1,6840.3,6895.3,150899
2018.11.30,00:00,6901.3,6948.8,6868.6,6946.3,125628
2018.12.03,00:00,7047.2,7136.9,7014.3,7064,166907
2018.12.04,00:00,7049.7,7053.2,6786.9,6800.7,174128
2018.12.05,00:00,6793.9,6860.9,6789.7,6839,44729
2018.12.06,00:00,6829.5,6839.5,6628.2,6839.5,219446
2018.12.07,00:00,6833.2,6853.5,6592.3,6613.7,200911
2018.12.10,00:00,6588.5,6714,6535.3,6685,205155
2018.12.11,00:00,6694.3,6809.1,6651.7,6706.6,195260
2018.12.12,00:00,6682.8,6872.2,6682.8,6767.5,184385
2018.12.13,00:00,6769.8,6837.3,6722.8,6768.3,181013
2018.12.14,00:00,6745.2,6760.5,6586.2,6596.1,118421
2018.12.17,00:00,6575.3,6634.8,6401,6452.9,153199
2018.12.18,00:00,6467,6555.3,6434.6,6491.1,150881
2018.12.19,00:00,6435.1,6580.7,6278.8,6337,197642
2018.12.20,00:00,6327.5,6382.6,6159.1,6238.1,284119
2018.12.21,00:00,6291.5,6316.6,6009.3,6041.5,253951
2018.12.24,00:00,6010,6104.6,5894.8,5896.6,173056
2018.12.27,00:00,6258.6,6286.6,6037,6284.8,209253
2018.12.28,00:00,6294.6,6385.5,6227,6280.1,275748
2018.12.31,00:00,6307.9,6359.8,6266.5,6309.1,142977
2019.01.02,00:00,6287.4,6392.8,6138.1,6356.3,230104
2019.01.03,00:00,6216.3,6287.8,6132.2,6141.2,254568
2019.01.04,00:00,6154.3,6447.5,6121.7,6422.2,250125
2019.01.07,00:00,6437.6,6522.4,6390.2,6488.8,224483
2019.01.08,00:00,6491.1,6573.6,6454.9,6551.5,220606
2019.01.09,00:00,6536.9,6631.3,6532.9,6600.8,218605
2019.01.10,00:00,6583,6624.6,6514.6,6618.7,224413
2019.01.11,00:00,6611.9,6619.5,6559.8,6599,179781
2019.01.14,00:00,6585,6588.8,6510.5,6539.8,168809
2019.01.15,00:00,6533.2,6676.3,6529.3,6667.6,180256
2019.01.16,00:00,6664.3,6723.3,6649.9,6665.8,171808
2019.01.17,00:00,6656.8,6747.5,6600.9,6717.4,176642
2019.01.18,00:00,6709.6,6815.5,6699.9,6781.6,178859
2019.01.21,00:00,6777.3,6782.6,6731.8,6751.9,74906
2019.01.22,00:00,6742.2,6767.9,6602.5,6654.2,188500
2019.01.23,00:00,6640.6,6714.8,6583.8,6658.5,204193
2019.01.24,00:00,6653.5,6709.8,6643.9,6697.6,192517
2019.01.25,00:00,6672.7,6802.2,6667.9,6784.1,183044
2019.01.28,00:00,6774.1,6782.5,6642.1,6697.9,174994
2019.01.29,00:00,6688.3,6715.5,6611.4,6632.9,175704
2019.01.30,00:00,6686.9,6828.2,6651.8,6806.3,182146
2019.01.31,00:00,6843.7,6936.7,6833.2,6905,187420
2019.02.01,00:00,6897.7,6920.9,6854.3,6871.4,182793
2019.02.04,00:00,6854.4,6956.4,6851.5,6955.9,129834
2019.02.05,00:00,6928.6,7028.8,6922.3,7019.3,118429
2019.02.06,00:00,7003.9,7032.8,6966.7,6996.3,143952
2019.02.07,00:00,6980.8,6987.2,6850.6,6903.6,182634
2019.02.08,00:00,6890.5,6912,6832.5,6911.8,182107
2019.02.11,00:00,6917.8,6962,6888.7,6906.9,156281
2019.02.12,00:00,6898.4,7020.6,6895.5,7010.6,121149
2019.02.13,00:00,7008,7062.3,7004.2,7013.8,128436
2019.02.14,00:00,7006.4,7048.8,6963.8,7019.5,171036
2019.02.15,00:00,7008.2,7086.4,6967.8,7050.6,161138
2019.02.18,00:00,7055.8,7075.7,7048.9,7073.9,67028
2019.02.19,00:00,7070.4,7088.3,7029.2,7065.9,132350
2019.02.20,00:00,7056.3,7095.6,7023.1,7060.3,164848
2019.02.21,00:00,7060,7104.4,6996.2,7033.7,148506
2019.02.22,00:00,7015.2,7093,7011,7087.3,118924
2019.02.25,00:00,7103.9,7162.2,7095.2,7113.4,126521
2019.02.26,00:00,7114.7,7145.4,7067.1,7121.9,149223
2019.02.27,00:00,7101.2,7126.3,7042.7,7116.1,137675
2019.02.28,00:00,7112.7,7123.2,7065.4,7097.5,138879
2019.03.01,00:00,7096.9,7157.2,7091,7148.6,122545
2019.03.04,00:00,7169.8,7205.4,7069.1,7148.8,168538
2019.03.05,00:00,7136,7176.1,7118.8,7153.4,152939
2019.03.06,00:00,7145.6,7164.4,7101.5,7110.7,155738
2019.03.07,00:00,7099.9,7117.4,6997.6,7022.9,168532
2019.03.08,00:00,7017.7,7027.1,6934.3,7012.3,140354
2019.03.11,00:00,7015.7,7166.7,6995.4,7162.1,117101
2019.03.12,00:00,7164.2,7219.2,7158.2,7202.8,124513
2019.03.13,00:00,7206.2,7293.7,7181.3,7256.8,125064
2019.03.14,00:00,7268.8,7287.7,7237.9,7240.9,130642
2019.03.15,00:00,7240.4,7329.8,7238.6,7304.5,124402
2019.03.18,00:00,7307.9,7349.6,7291.9,7326.1,119653
2019.03.19,00:00,7330.9,7391.7,7321.4,7352.6,135774
2019.03.20,00:00,7345,7426.6,7319.3,7383.1,164922
2019.03.21,00:00,7371.6,7506.2,7337.6,7495.9,174457
2019.03.22,00:00,7494.5,7513.9,7322.6,7327.3,226060
2019.03.25,00:00,7352.2,7360.9,7261.6,7318,234021
2019.03.26,00:00,7329,7419.2,7313.3,7349.9,187700
2019.03.27,00:00,7353.3,7376.8,7248.8,7307.5,213407
2019.03.28,00:00,7293.7,7345,7262.2,7318.7,178041
2019.03.29,00:00,7322.4,7380,7322.4,7374.3,135162
2019.04.01,00:00,7401.7,7480.4,7401.7,7475.2,131625
2019.04.02,00:00,7466,7506.4,7457.6,7499.4,105712
2019.04.03,00:00,7490.2,7590.4,7487.3,7543.8,128675
2019.04.04,00:00,7553.1,7571.3,7495.8,7539,125650
2019.04.05,00:00,7533.1,7582.1,7529.9,7577.5,99667
2019.04.08,00:00,7579.8,7603.2,7536.8,7597.9,99904
2019.04.09,00:00,7599.2,7606.7,7554.8,7568.8,100162
2019.04.10,00:00,7563.9,7614.5,7550.2,7610.9,93352
2019.04.11,00:00,7621.3,7635.3,7578.3,7591.3,97753
2019.04.12,00:00,7595.7,7642.3,7584.7,7625.2,91216
2019.04.15,00:00,7624.7,7638,7577.9,7628.1,72524
2019.04.16,00:00,7630.8,7671.9,7624.8,7653.7,82421
2019.04.17,00:00,7646.6,7712.5,7645.6,7678.7,97971
2019.04.18,00:00,7667.2,7702.9,7640.4,7688.8,107204
2019.04.22,00:00,7695.7,7715.6,7648.5,7712.1,71703
2019.04.23,00:00,7717.7,7820.8,7705.6,7808.2,89980
2019.04.24,00:00,7813.7,7828.7,7784.5,7784.6,90534
2019.04.25,00:00,7839.9,7861.3,7774.2,7811.7,105884
2019.04.26,00:00,7787.6,7824.2,7738.3,7823.2,116568
2019.04.29,00:00,7823.3,7852.4,7812.1,7836.7,80326
2019.04.30,00:00,7787.4,7796.6,7725.5,7777.8,100739
2019.05.01,00:00,7828.1,7852.9,7747.3,7748.3,109822
2019.05.02,00:00,7729.3,7790.2,7667.9,7720.3,146874
2019.05.03,00:00,7722.7,7847,7720.9,7840.6,92310
2019.05.06,00:00,7708.1,7804.9,7651.6,7792.9,175220
2019.05.07,00:00,7740.8,7791.7,7568.8,7637,200641
2019.05.08,00:00,7641.6,7685.3,7589.5,7612.3,181854
2019.05.09,00:00,7620.5,7629,7468.6,7577.5,205422
2019.05.10,00:00,7569.2,7636.4,7421.2,7582.7,239765
2019.05.13,00:00,7519.5,7531,7300.6,7317.4,217818
2019.05.14,00:00,7285.8,7448.6,7285.4,7396.7,179400
2019.05.15,00:00,7414.9,7525,7340.3,7499.6,167895
2019.05.16,00:00,7505.6,7627.3,7459.8,7575.7,171219
2019.05.17,00:00,7585.4,7606.4,7494.9,7499.9,199116
2019.05.20,00:00,7510.1,7543.1,7349.2,7371.6,207758
2019.05.21,00:00,7393.4,7472.5,7388.2,7447.6,156503
2019.05.22,00:00,7452.9,7460,7378.8,7420.3,146991
2019.05.23,00:00,7421.4,7421.5,7257.4,7304.6,200473
2019.05.24,00:00,7312,7368.8,7290.3,7298,149896
2019.05.27,00:00,7304.6,7329.3,7283,7305.7,51508
2019.05.28,00:00,7316.4,7363.2,7273.1,7273.1,168582
2019.05.29,00:00,7283.5,7287.7,7174.9,7216.1,194106
2019.05.30,00:00,7222.3,7263.7,7201.2,7244.4,151542
2019.05.31,00:00,7244.9,7248.7,7124.4,7124.6,190723
2019.06.03,00:00,7082.8,7127.6,6936.4,6974.8,234150
2019.06.04,00:00,7000.4,7170.2,6977.4,7167.4,175267
2019.06.05,00:00,7205.1,7240.7,7145.6,7221.4,181964
2019.06.06,00:00,7187.4,7293.6,7175.8,7276.8,154754
2019.06.07,00:00,7256.8,7447.4,7252.8,7415.7,146910
2019.06.10,00:00,7468.9,7574.8,7427.7,7502.5,147296
2019.06.11,00:00,7510,7597.4,7489.6,7514,155176
2019.06.12,00:00,7512.5,7527.8,7458.2,7472.3,144190
2019.06.13,00:00,7472.9,7532.2,7418.2,7514.9,149102
2019.06.14,00:00,7496.9,7517.5,7448.6,7478.6,122771
2019.06.17,00:00,7488.5,7549.6,7482,7528.1,95237
2019.06.18,00:00,7541.5,7694.5,7514.3,7639.6,130131
2019.06.19,00:00,7648.5,7684.8,7604.4,7667.9,126323
2019.06.20,00:00,7675.4,7794.1,7673.6,7735.9,148904
2019.06.21,00:00,7734.7,7775.7,7698.7,7728.9,143159
2019.06.24,00:00,7734.3,7767.9,7723.7,7727,114541
2019.06.25,00:00,7732.9,7754,7584.4,7596.4,146591
2019.06.26,00:00,7614.2,7694.5,7591.9,7630.4,134766
2019.06.27,00:00,7624,7690,7619,7659.2,117839
2019.06.28,00:00,7668.9,7685.9,7640.6,7669.4,100170
2019.07.01,00:00,7788,7826.8,7736.2,7770.3,129243
2019.07.02,00:00,7747.4,7801.8,7739.5,7801.1,107399
2019.07.03,00:00,7810.1,7867.5,7799.6,7863,78368
2019.07.04,00:00,7866.2,7881.7,7855.6,7876.2,31405
2019.07.05,00:00,7881.6,7883.9,7772.9,7843.7,105323
2019.07.08,00:00,7827.6,7833.2,7754.1,7785.4,100339
2019.07.09,00:00,7774.8,7835.3,7719.8,7825.4,98894
2019.07.10,00:00,7823.9,7926.6,7788.5,7904.3,133648
2019.07.11,00:00,7908,7941.2,7872.9,7898.2,112453
2019.07.12,00:00,7895.8,7946.3,7891.5,7945.3,85314
2019.07.15,00:00,7941,7973.1,7922.5,7969.2,74032
2019.07.16,00:00,7964.8,7983.1,7906.1,7929.8,81990
2019.07.17,00:00,7921.5,7948.9,7891,7891,78078
2019.07.18,00:00,7861.6,7915.5,7816.4,7903.5,103596
2019.07.19,00:00,7927.3,7964.4,7832.9,7836.7,113532
2019.07.22,00:00,7824.8,7922.4,7819.5,7907.3,107839
2019.07.23,00:00,7914.6,7956.9,7894.4,7956.4,85747
2019.07.24,00:00,7933.3,8012.8,7912.1,8012,97000
2019.07.25,00:00,8002.1,8021.3,7919.2,7934.3,116076
2019.07.26,00:00,7981.4,8028.1,7975.4,8017.6,91781
2019.07.29,00:00,8014.5,8020.6,7941,7991.3,78268
2019.07.30,00:00,7996.7,8009,7917.4,7956.4,102042
2019.07.31,00:00,7980.8,7990.6,7771.8,7848.3,129478
2019.08.01,00:00,7826.6,8004.6,7767.2,7802.1,178284
2019.08.02,00:00,7773.8,7796.1,7641.3,7693.5,218285
2019.08.05,00:00,7682.1,7698.7,7354.1,7415.3,226953
2019.08.06,00:00,7282.2,7541.9,7217.9,7520.2,257918
2019.08.07,00:00,7513.6,7570.1,7380.8,7552.1,248916
2019.08.08,00:00,7553,7726.1,7519.4,7725.9,172177
2019.08.09,00:00,7658,7714.1,7587.6,7646.9,185809
2019.08.12,00:00,7656.8,7701.9,7527.4,7562.4,173908
2019.08.13,00:00,7563.3,7782,7507,7731,196647
2019.08.14,00:00,7738.7,7755.9,7478.5,7489.7,211054
2019.08.15,00:00,7467.5,7561.5,7378.8,7483.4,259749
2019.08.16,00:00,7514.5,7622.9,7493.2,7603.7,168046
2019.08.19,00:00,7636.5,7741.2,7628,7719.5,134323
2019.08.20,00:00,7708.5,7742.8,7663.9,7665.7,156399
2019.08.21,00:00,7658.9,7756.9,7655.3,7732.5,134584
2019.08.22,00:00,7766.2,7768.4,7645.6,7707.1,169727
2019.08.23,00:00,7707.7,7753.9,7439.9,7466.2,198102
2019.08.26,00:00,7367.9,7618,7367.1,7576.4,179654
2019.08.27,00:00,7587.1,7642.1,7530.8,7564.8,156786
2019.08.28,00:00,7566.7,7599.8,7498.3,7587.7,145798
2019.08.29,00:00,7583.6,7723.9,7542.5,7701.2,128865
2019.08.30,00:00,7698.7,7764.2,7640.2,7683.7,129471
2019.09.02,00:00,7616.8,7690.4,7577.4,7607.9,61402
2019.09.03,00:00,7629.5,7672.4,7583.5,7611.2,153616
2019.09.04,00:00,7612.5,7726.2,7604.7,7720.5,112799
2019.09.05,00:00,7719.7,7882.2,7714.9,7861.3,118720
2019.09.06,00:00,7857.5,7890.5,7834.7,7851.9,109047
2019.09.09,00:00,7867.8,7883.9,7795.8,7834.4,102006
2019.09.10,00:00,7836.1,7855.2,7742.2,7816.4,137187
2019.09.11,00:00,7810.1,7889.8,7784.3,7886.1,114345
2019.09.12,00:00,7887.7,7978.4,7883.8,7917.2,137492
2019.09.13,00:00,7924.1,7955.1,7878.7,7891,92687
2019.09.16,00:00,7836.1,7871.9,7775,7854.4,103063
2019.09.17,00:00,7870.6,7894.6,7827.8,7891.7,95316
2019.09.18,00:00,7890.7,7894.4,7791.3,7890.5,98866
2019.09.19,00:00,7897.6,7952.1,7830.8,7901.6,121271
2019.09.20,00:00,7904.2,7930,7790.2,7815.7,110536
2019.09.23,00:00,7866.7,7871.5,7788.6,7820.3,105047
2019.09.24,00:00,7852.2,7882.4,7682.5,7713.9,141586
2019.09.25,00:00,7724.8,7824.9,7644.8,7804,131806
2019.09.26,00:00,7806.7,7823.9,7716.1,7774.1,121036
2019.09.27,00:00,7769.6,7803.2,7622.6,7680.3,139307
2019.09.30,00:00,7706.3,7764.3,7689,7749.9,109295
2019.10.01,00:00,7767,7824.7,7674.2,7685.1,133061
2019.10.02,00:00,7690.8,7713.5,7509.1,7550.2,153052
2019.10.03,00:00,7533.7,7637.4,7457.8,7635.1,150922
2019.10.04,00:00,7640.5,7756.8,7606.9,7748.6,117287
2019.10.07,00:00,7713.5,7783.2,7705.2,7719.4,122288
2019.10.08,00:00,7723.1,7769.8,7601.3,7602.8,158811
2019.10.09,00:00,7610.1,7717.6,7591.6,7686.9,129126
2019.10.10,00:00,7586.9,7771.8,7569.8,7741.6,155259
2019.10.11,00:00,7761.5,7904.7,7753.9,7838.1,125248
2019.10.14,00:00,7861.7,7882.2,7795.5,7841.8,100928
2019.10.15,00:00,7854.8,7959.9,7849.8,7941.2,88870
2019.10.16,00:00,7946.5,7948.5,7896.4,7922.1,101674
2019.10.17,00:00,7934.6,7983.4,7912,7942.7,102836
2019.10.18,00:00,7936.3,7947,7825.4,7865.6,104202
2019.10.21,00:00,7881.7,7940.9,7874.4,7936.9,85003
2019.10.22,00:00,7938.5,7979.1,7871.7,7875,91815
2019.10.23,00:00,7845.2,7890.4,7801.6,7887.9,100197
2019.10.24,00:00,7921.8,7968.9,7904.5,7964,89038
2019.10.25,00:00,7918.8,8033.1,7910.3,8027.1,79573
2019.10.28,00:00,8053.5,8119.9,8043.2,8109.3,68764
2019.10.29,00:00,8099.3,8112.2,8045.5,8047.7,76521
2019.10.30,00:00,8053.9,8095.6,8010.8,8082.3,83240
2019.10.31,00:00,8113.3,8131.8,8039.7,8083.6,100750
2019.11.01,00:00,8080.6,8158.3,8078.5,8158.3,76362
2019.11.04,00:00,8171.6,8227.7,8167.8,8208.4,68849
2019.11.05,00:00,8208,8242.2,8187.9,8209,73573
2019.11.06,00:00,8204,8221.9,8155.2,8194.2,71693
2019.11.07,00:00,8197,8271.3,8180.4,8219,83950
2019.11.08,00:00,8224.2,8253.6,8183.3,8253.6,77745
2019.11.11,00:00,8247.3,8249.5,8200.4,8243,64893
2019.11.12,00:00,8240.5,8295.4,8223,8266.9,73980
2019.11.13,00:00,8258.1,8277.8,8216.4,8260.7,80258
2019.11.14,00:00,8254.7,8276.7,8211.9,8261.1,96398
2019.11.15,00:00,8257.6,8317.6,8256.6,8314.1,71298
2019.11.18,00:00,8310,8362.8,8276.1,8329.8,75394
2019.11.19,00:00,8325.4,8376,8309.8,8341.5,76794
2019.11.20,00:00,8316.1,8341.4,8224.8,8285.8,110755
2019.11.21,00:00,8265.5,8301.5,8234.2,8266.8,121467
2019.11.22,00:00,8275.4,8307.7,8228.2,8272.5,87586
2019.11.25,00:00,8296.4,8373.4,8295.2,8373.2,50227
2019.11.26,00:00,8369.9,8416.8,8362.8,8387.8,73818
2019.11.27,00:00,8397.5,8445.9,8394,8445.9,53735
2019.11.28,00:00,8422.8,8444.7,8411.1,8441.4,31605
2019.11.29,00:00,8443.9,8447.8,8403.6,8418.4,53668
2019.12.02,00:00,8422.1,8455.2,8275,8315.5,102818
2019.12.03,00:00,8294.8,8336,8167.2,8256.5,110869
2019.12.04,00:00,8260.2,8317.8,8219.4,8296.9,103661
2019.12.05,00:00,8299.1,8336.8,8270.2,8309.3,96778
2019.12.06,00:00,8311.4,8406.6,8309.9,8396.4,66043
2019.12.09,00:00,8405.8,8425.5,8361,8363.5,55142
2019.12.10,00:00,8354.4,8396.5,8295.9,8357.5,102993
2019.12.11,00:00,8366.3,8410.3,8344.2,8403.5,69222
2019.12.12,00:00,8408.5,8496.5,8380.8,8465.4,119940
2019.12.13,00:00,8493.8,8523.5,8433.6,8492.5,98783
2019.12.16,00:00,8511.6,8594.7,8511.1,8579.2,63156
2019.12.17,00:00,8581.5,8603.7,8570.2,8582.7,68152
2019.12.18,00:00,8581.7,8619.9,8573.4,8591.9,56295
2019.12.19,00:00,8602.5,8651.7,8587.6,8650.2,56661
2019.12.20,00:00,8657,8702.5,8643.9,8682,47010
2019.12.23,00:00,8699.1,8722.7,8692.2,8701.1,46023
2019.12.24,00:00,8708.4,8715.4,8686.9,8704.9,25332
2019.12.27,00:00,8790,8824,8750.1,8773.9,59554
2019.12.30,00:00,8776.9,8791.4,8673,8713.3,79197
2019.12.31,00:00,8716.7,8732.5,8674.8,8710.8,54888
2020.01.02,00:00,8773,8871.5,8765.4,8871.5,66922
2020.01.03,00:00,8884.6,8888.8,8717.9,8793.8,140023
2020.01.06,00:00,8745,8851.5,8708.4,8848.8,114485
2020.01.07,00:00,8841.6,8879.7,8820,8847.7,108053
2020.01.08,00:00,8770,8957.4,8663.7,8914.8,163068
2020.01.09,00:00,8947.4,9007.9,8918.7,8992.9,104635
2020.01.10,00:00,9003.6,9041.4,8953,8969.1,89951
2020.01.13,00:00,8982.2,9074.1,8972.7,9072.6,73790
2020.01.14,00:00,9086.8,9102.9,9023.5,9039.2,114418
2020.01.15,00:00,9037.2,9084.7,9012.3,9042.2,105167
2020.01.16,00:00,9067.7,9128.1,9053.4,9127.4,77500
2020.01.17,00:00,9136.3,9179.3,9120.2,9172.7,57624
2020.01.20,00:00,9170.8,9178.3,9151.7,9167.3,27342
2020.01.21,00:00,9164.4,9191.1,9106.9,9171.9,98427
2020.01.22,00:00,9174.3,9245.8,9166.5,9193.2,91020
2020.01.23,00:00,9184.7,9225.2,9140.7,9219.8,118245
2020.01.24,00:00,9252.9,9280.1,9102.7,9143.9,122005
2020.01.27,00:00,9015,9048.2,8920.4,8955.4,165041
2020.01.28,00:00,8972.4,9114.6,8960.1,9093.5,123758
2020.01.29,00:00,9092.6,9154,9067.6,9104.6,122407
2020.01.30,00:00,9127.2,9143.1,8998.5,9139,186008
2020.01.31,00:00,9214.8,9243.3,8960.9,8989.4,181793
2020.02.03,00:00,9022.5,9152,9007,9126.7,170554
2020.02.04,00:00,9079.8,9355.7,9078.6,9336.8,132334
2020.02.05,00:00,9356.7,9458.7,9314.3,9371.6,167616
2020.02.06,00:00,9385,9454.7,9357.2,9446.7,144099
2020.02.07,00:00,9455.9,9461.2,9377.8,9403.3,136959
2020.02.10,00:00,9389.1,9519.2,9324.5,9519,127779
2020.02.11,00:00,9519.5,9603.3,9496.2,9520.1,125396
2020.02.12,00:00,9537.2,9618.8,9519.2,9615.8,108765
2020.02.13,00:00,9615.4,9638.8,9505.5,9598.9,141334
2020.02.14,00:00,9610.2,9653.7,9583.4,9624.2,114163
2020.02.17,00:00,9657.6,9683.1,9649.1,9661.7,43620
2020.02.18,00:00,9582.1,9650.2,9530,9631.6,126378
2020.02.19,00:00,9646.3,9741.1,9640.2,9721.2,92314
2020.02.20,00:00,9730.5,9755.9,9508.1,9627.7,150417
2020.02.21,00:00,9585.3,9605.6,9405,9446.5,177518
2020.02.24,00:00,9314.7,9333,9035.8,9079.9,234399
2020.02.25,00:00,9113.8,9219.6,8806,8835.3,257560
2020.02.26,00:00,8904.4,9033.6,8705.6,8874.6,292045
2020.02.27,00:00,8851.1,8873.7,8427.7,8428.6,312485
2020.02.28,00:00,8405.7,8490.6,8124.7,8472.6,372791
2020.03.02,00:00,8363.8,8875,8313.3,8874,357296
2020.03.03,00:00,8822.7,8998.8,8510.5,8592.5,329000
2020.03.04,00:00,8551.5,8948.8,8532.5,8943.6,266571
2020.03.05,00:00,8865.2,8886.4,8610.5,8670.2,260493
2020.03.06,00:00,8687.6,8725.6,8311.6,8527.1,310678
2020.03.09,00:00,8182.7,8240.9,7819.8,7934.4,151371
2020.03.10,00:00,7898.8,8365.8,7882.5,8365.8,260772
2020.03.11,00:00,8277.3,8296.8,7894.6,8001.8,258168
2020.03.12,00:00,8085.3,8105.3,7248.8,7248.8,224562
2020.03.13,00:00,7133.8,7965.7,6940.7,7943.9,189789
2020.03.16,00:00,7387.9,7558.6,6921.9,6946.6,117617
2020.03.17,00:00,7068.5,7551.5,6947.2,7454,173660
2020.03.18,00:00,7363.2,7388.3,6823.8,7214.3,160345
2020.03.19,00:00,7149.9,7511.9,6887.7,7279.7,230985
2020.03.20,00:00,7204.2,7639.9,6962.1,6982.9,225510
2020.03.23,00:00,6642.3,7323.1,6628.5,7002,251995
2020.03.24,00:00,7100.7,7543.2,7044.2,7539.2,254963
2020.03.25,00:00,7607.4,7769,7380.1,7466.7,291588
2020.03.26,00:00,7491.9,7900.8,7318.5,7875,259161
2020.03.27,00:00,7860.5,7899.1,7567.5,7581,247094
2020.03.30,00:00,7479.5,7890.9,7432.9,7871.6,246801
2020.03.31,00:00,7880.5,8001.2,7754,7797.5,227960
2020.04.01,00:00,7743.1,7749.3,7410.6,7474.7,223697
2020.04.02,00:00,7490.6,7628.5,7380.6,7622.6,229108
2020.04.03,00:00,7645.4,7663.6,7427.7,7518.1,200490
2020.04.06,00:00,7639.4,8101.1,7625.4,8057.1,185568
2020.04.07,00:00,8016.4,8305.9,7951.1,8040.4,249830
2020.04.08,00:00,7989.9,8244.9,7956.4,8216.3,223689
2020.04.09,00:00,8177.8,8329.2,8105.7,8226.7,237013
2020.04.13,00:00,8102,8328.3,8088.5,8319,168397
2020.04.14,00:00,8354.8,8704,8322,8684.7,178590
2020.04.15,00:00,8699.2,8700.1,8489.7,8585.5,188891
2020.04.16,00:00,8563,8789.5,8504.5,8747,184704
2020.04.17,00:00,8908.8,8970.4,8693.9,8822.2,183456
2020.04.20,00:00,8751.9,8851,8703,8717.5,167708
2020.04.21,00:00,8718.3,8768,8348,8395.4,221577
2020.04.22,00:00,8468.6,8705.2,8406.9,8656.1,161567
2020.04.23,00:00,8633.6,8793.7,8588.1,8634.1,169981
2020.04.24,00:00,8572.3,8788.9,8507.2,8779.1,153974
2020.04.27,00:00,8767.7,8906,8739.4,8832.4,137960
2020.04.28,00:00,8830.9,8955.3,8664.5,8678.3,147410
2020.04.29,00:00,8773,9024.5,8744,8972.5,150187
2020.04.30,00:00,9092.9,9154.4,8916.2,8991.9,169860
2020.05.01,00:00,8836.9,8889.2,8683,8722.1,159748
2020.05.04,00:00,8621.1,8838.6,8567.6,8830.6,163507
2020.05.05,00:00,8836.5,9031.7,8814.2,8929,136404
2020.05.06,00:00,8957.1,9067.3,8888.8,8982.6,148898
2020.05.07,00:00,8951.8,9136.8,8941.1,9101.9,138725
2020.05.08,00:00,9132.2,9245.8,9123.2,9218.9,117715
2020.05.11,00:00,9219.9,9347.2,9127.2,9295.7,130896
2020.05.12,00:00,9310.4,9353.4,9109.2,9109.7,146528
2020.05.13,00:00,9066.9,9211.3,8887.4,8998.4,200829
2020.05.14,00:00,9016.2,9096.7,8855.4,9095.2,205197
2020.05.15,00:00,9093.9,9155.4,8933.1,9153.9,185380
2020.05.18,00:00,9134.7,9368.6,9123.3,9328,143450
2020.05.19,00:00,9339.4,9423.1,9295.4,9296.4,161382
2020.05.20,00:00,9304,9499.8,9276.5,9483.9,131814
2020.05.21,00:00,9488.5,9513.9,9358.8,9379.6,144198
2020.05.22,00:00,9388.3,9421.3,9245.5,9410.1,149433
2020.05.25,00:00,9434.4,9539.9,9419.9,9534.3,55320
2020.05.26,00:00,9517.7,9607,9376.7,9392.7,143023
2020.05.27,00:00,9399.5,9511.3,9177.3,9438.9,168559
2020.05.28,00:00,9417.7,9568.4,9323.3,9418.3,166752
2020.05.29,00:00,9450.1,9573.6,9375.3,9544.2,174906
2020.06.01,00:00,9489.7,9608.3,9479.5,9596.7,141659
2020.06.02,00:00,9597.1,9672.6,9507.9,9658.3,129451
2020.06.03,00:00,9650.4,9730.3,9637.5,9699.3,143623
2020.06.04,00:00,9670.8,9743.3,9573.7,9629,159562
2020.06.05,00:00,9635.6,9847.2,9603.8,9815.3,159366
2020.06.08,00:00,9859.5,9901.8,9748.6,9899.4,148744
2020.06.09,00:00,9881.9,10005.9,9812.9,9964.6,146926
2020.06.10,00:00,9969.4,10156.5,9959.7,10089.6,165470
2020.06.11,00:00,10054.3,10094.9,9584.9,9592.2,236364
2020.06.12,00:00,9603.3,9849.6,9495.4,9656.4,212812
2020.06.15,00:00,9566.5,9811.2,9380.9,9779.2,177204
2020.06.16,00:00,9816.9,10014.2,9799.8,9956.2,199961
2020.06.17,00:00,9957.8,10060.4,9927.9,9980.7,161091
2020.06.18,00:00,9984.2,10041.7,9879.6,10013,168167
2020.06.19,00:00,10010.3,10124.5,9934.3,10003.8,164678
2020.06.22,00:00,9900.8,10131.4,9884.7,10127.2,146629
2020.06.23,00:00,10146.1,10307.5,9983.5,10209.3,158763
2020.06.24,00:00,10210.5,10253.1,9939.4,10001.6,199765
2020.06.25,00:00,10015.9,10109.9,9897.8,10098.5,182720
2020.06.26,00:00,10110.8,10131.6,9836.3,9857.3,178002
2020.06.29,00:00,9833.8,9963.9,9741.8,9963.9,187655
2020.06.30,00:00,10006.5,10182.8,9951.9,10143.6,159583
2020.07.01,00:00,10155,10320.3,10087.8,10275.8,146653
2020.07.02,00:00,10271.9,10431.3,10262.4,10344.8,149975
2020.07.03,00:00,10368.4,10399.4,10319.5,10336.5,65948
2020.07.06,00:00,10390.7,10624.8,10390.2,10602.1,152546
2020.07.07,00:00,10609.3,10704.6,10516.3,10527.5,169434
2020.07.08,00:00,10552.5,10667.8,10515.4,10665.9,167928
2020.07.09,00:00,10686.6,10784.2,10571.1,10751.8,175872
2020.07.10,00:00,10745.6,10840.9,10637.2,10832.6,169450
2020.07.13,00:00,10908.6,11069.1,10574.5,10606.7,187033
2020.07.14,00:00,10657,10704.4,10371.3,10685,254569
2020.07.15,00:00,10728.4,10778.1,10562.9,10697,207494
2020.07.16,00:00,10692.4,10694.4,10486.5,10623.4,210398
2020.07.17,00:00,10550.4,10678.7,10549,10640.6,158668
2020.07.20,00:00,10662.9,10971.5,10557,10947,165579
2020.07.21,00:00,10959.7,11068.7,10795.1,10834.3,190377
2020.07.22,00:00,10864.8,10926,10772.5,10869.3,179871
2020.07.23,00:00,10863.9,10948.3,10525.3,10583.5,207866
2020.07.24,00:00,10596.2,10608.2,10312.5,10482,223700
2020.07.27,00:00,10464.2,10690.7,10411.7,10673.2,170193
2020.07.28,00:00,10704.7,10769.3,10526.2,10536.9,182276
2020.07.29,00:00,10572.2,10695.7,10524.9,10662.9,152255
2020.07.30,00:00,10700.6,10736.8,10514.4,10715.2,195746
2020.07.31,00:00,10906.8,10948.4,10701.7,10907.3,218546
2020.08.03,00:00,10907.9,11083,10892.5,11048.6,161650
2020.08.04,00:00,11048.6,11101.5,10993.3,11093.6,166212
2020.08.05,00:00,11085.9,11154,11065.9,11122.5,147902
2020.08.06,00:00,11104.8,11279.9,11060,11262.4,169397
2020.08.07,00:00,11262.1,11288.3,11041.7,11134.9,199507
2020.08.10,00:00,11087.2,11152.9,10934.9,11084.9,176452
2020.08.11,00:00,11077.7,11162.9,10851.8,10875.8,198297
2020.08.12,00:00,10933.7,11190.9,10885.1,11152.8,178075
2020.08.13,00:00,11130.9,11271.9,11100.8,11175.2,173590
2020.08.14,00:00,11190.4,11242.4,11101.5,11164.2,164039
2020.08.17,00:00,11159.9,11306,11154.6,11289.7,116738
2020.08.18,00:00,11294.1,11420.2,11274.4,11400.2,133705
2020.08.19,00:00,11413.1,11440,11301.7,11321.4,144147
2020.08.20,00:00,11326.7,11498.8,11224.7,11476.3,157175
2020.08.21,00:00,11495.4,11575.8,11409.4,11557.6,167464
2020.08.24,00:00,11582.9,11725.2,11531.4,11628.4,182803
2020.08.25,00:00,11643.4,11722.4,11578.5,11717.9,169037
2020.08.26,00:00,11735.6,11978.1,11729.6,11968.9,163488
2020.08.27,00:00,11971.7,12049.6,11838.1,11931.9,206547
2020.08.28,00:00,11954.8,12021.3,11923.7,11995,190755
2020.08.31,00:00,12013.3,12168.3,11991.9,12095.8,170352
2020.09.01,00:00,12104.7,12303.8,12097.5,12298.1,181608
2020.09.02,00:00,12324.8,12467.5,12175.1,12413.7,210423
2020.09.03,00:00,12412.6,12438.9,11659.4,11775.2,243197
2020.09.04,00:00,11702.7,11843.7,11142.7,11621.5,305402
2020.09.07,00:00,11393.6,11528.5,11372.6,11502.8,95637
2020.09.08,00:00,11573.7,11585.7,11054.5,11069.5,261635
2020.09.09,00:00,10992.7,11479.6,10965.5,11386.8,238603
2020.09.10,00:00,11418.7,11568.4,11090.9,11157.4,254218
2020.09.11,00:00,11210.9,11358.4,10939.6,11086.6,180881
2020.09.14,00:00,11162.5,11363.7,11156.7,11276.3,182010
2020.09.15,00:00,11310,11496.1,11248,11438.7,161154
2020.09.16,00:00,11474.5,11549.8,11242.8,11250.1,180237
2020.09.17,00:00,11294.2,11303.2,10919.2,11081,224525
2020.09.18,00:00,11091.2,11176.8,10757.9,10927.4,215545
2020.09.21,00:00,10885,11002.4,10670.4,10978.6,239995
2020.09.22,00:00,10988.5,11206.4,10913.3,11180.9,211610
2020.09.23,00:00,11154.6,11237.4,10801.9,10836.1,218415
2020.09.24,00:00,10836.7,11027.2,10676.7,10894.2,253768
2020.09.25,00:00,10945.8,11182.1,10830,11151,201764
2020.09.28,00:00,11188.1,11380.8,11156.2,11375.1,173942
2020.09.29,00:00,11414.1,11463.9,11305.2,11324,177469
2020.09.30,00:00,11343.2,11540.8,11182.5,11416.3,217563
2020.10.01,00:00,11429.8,11612.4,11414.3,11586.9,186662
2020.10.02,00:00,11583.9,11611.1,11219.4,11259.1,236707
2020.10.05,00:00,11316.4,11512,11282.1,11504.5,159201
2020.10.06,00:00,11500.2,11538.5,11253.2,11285.5,181907
2020.10.07,00:00,11250.8,11519.6,11223.3,11493.8,158447
2020.10.08,00:00,11501.7,11591.8,11486.8,11550.2,153503
2020.10.09,00:00,11593.4,11727.7,11565.6,11725.4,134290
2020.10.12,00:00,11756.2,12210.5,11731.2,12090.8,188458
2020.10.13,00:00,12126.2,12263.9,12033.3,12088.5,224713
2020.10.14,00:00,12111.7,12190.7,11916.1,11992.5,189120
2020.10.15,00:00,11991,11993.1,11751.4,11904.2,194737
2020.10.16,00:00,11910.5,12035.3,11828.6,11838.3,180421
2020.10.19,00:00,11882.9,11964,11606.8,11644.3,181498
2020.10.20,00:00,11724.6,11804.9,11612.4,11677.1,202775
2020.10.21,00:00,11682.4,11792.2,11598,11665,193608
2020.10.22,00:00,11709.2,11737.4,11524.8,11665.9,175802
2020.10.23,00:00,11686.4,11703.6,11563.8,11692.2,163963
2020.10.26,00:00,11618.4,11708.1,11356.2,11507.2,184049
2020.10.27,00:00,11517.7,11634.9,11490.8,11598.6,181924
2020.10.28,00:00,11525,11579.1,11136.8,11153,223096
2020.10.29,00:00,11201.2,11469.1,11156.7,11335.9,218582
2020.10.30,00:00,11201.6,11293,10958.7,11067.7,246562
2020.11.02,00:00,11058.6,11225.7,10956.2,11081.1,216502
2020.11.03,00:00,11104.1,11360.3,11079.8,11270.6,186540
2020.11.04,00:00,11331.3,11853.5,11243.7,11773.8,307868
2020.11.05,00:00,11831.2,12130.5,11783.2,12077.8,206335
2020.11.06,00:00,12078.3,12118,11878.8,12090.3,208418
2020.11.09,00:00,12235.5,12417.7,11823.8,11835.8,259078
2020.11.10,00:00,11901.2,11908.7,11514.3,11632.5,270471
2020.11.11,00:00,11645.1,11909.5,11586.1,11892.7,201591
2020.11.12,00:00,11900.6,11985,11787,11835,206318
2020.11.13,00:00,11865,11961.9,11811.1,11941.8,173679
2020.11.16,00:00,12049.7,12072.8,11861.1,12022.2,185303
2020.11.17,00:00,12081.6,12082.3,11963.4,11986.2,161937
2020.11.18,00:00,11979,12033.6,11896.9,11898.3,165954
2020.11.19,00:00,11889.4,12007,11811.9,11990,161671
2020.11.20,00:00,11956.5,12029,11910.9,11912.5,144984
2020.11.23,00:00,11933.6,12010.2,11817.4,11912.2,147912
2020.11.24,00:00,11963.9,12102.4,11881.2,12083.4,155300
2020.11.25,00:00,12124.8,12182,12087,12161.9,164639
2020.11.26,00:00,12189.8,12229.6,12135,12163.1,58554
2020.11.27,00:00,12169.5,12315.5,12144.7,12278.3,100838
2020.11.30,00:00,12338.1,12340.4,12095.1,12285.3,207142
2020.12.01,00:00,12320.6,12516.3,12316.5,12455.8,186823
2020.12.02,00:00,12450.1,12476.2,12319.1,12461.2,180938
2020.12.03,00:00,12473,12542.9,12446.8,12475.3,154500
2020.12.04,00:00,12488.9,12535.1,12451.1,12532,137146
2020.12.07,00:00,12554.8,12614.6,12477.8,12599.9,156034
2020.12.08,00:00,12587.8,12655.5,12505.7,12640.2,150425
2020.12.09,00:00,12660.3,12668,12310,12361.3,188127
2020.12.10,00:00,12368.2,12453.5,12223.3,12403.5,198697
2020.12.11,00:00,12406.1,12418.4,12240.3,12381.3,186759
2020.12.14,00:00,12426.9,12556.9,12396,12466.4,167781
2020.12.15,00:00,12489.6,12612,12431.4,12611.7,165906
2020.12.16,00:00,12607.2,12717.1,12585.6,12684.8,149405
2020.12.17,00:00,12698,12775,12684.7,12762.5,144996
2020.12.18,00:00,12760.7,12800.8,12621.7,12709.9,170095
2020.12.21,00:00,12760.5,12786.7,12474.7,12698.7,255679
2020.12.22,00:00,12723.7,12774.2,12608.2,12728.4,216628
2020.12.23,00:00,12728.3,12753,12643.9,12666.3,182511
2020.12.24,00:00,12672,12738.2,12645.4,12710.9,103929
2020.12.28,00:00,12753.3,12870.5,12740.3,12849.2,145973
2020.12.29,00:00,12861.6,12933.2,12823.4,12861.2,163993
2020.12.30,00:00,12859.9,12924,12835.3,12858.3,155771
2020.12.31,00:00,12866.9,12878.3,12811.3,12830.5,100160
2021.01.04,00:00,12900.8,12972.7,12536.4,12701.7,219653
2021.01.05,00:00,12680.9,12814.2,12624.3,12803,208292
2021.01.06,00:00,12800.6,12856.2,12504.7,12632.1,277730
2021.01.07,00:00,12677.7,12971.6,12667.7,12937.9,202727
2021.01.08,00:00,12933.1,13115.3,12933.1,13102.5,201807
2021.01.11,00:00,13096.1,13108.6,12886.5,12911.2,207092
2021.01.12,00:00,12933.8,12972.5,12781.4,12897.4,190006
2021.01.13,00:00,12905.8,13016.8,12834.6,12982.6,169763
2021.01.14,00:00,12991.1,13043,12895.2,12911.2,174968
2021.01.15,00:00,12933.7,12944.3,12758.1,12813.6,205898
2021.01.18,00:00,12808.4,12831.2,12741.3,12825.5,79950
2021.01.19,00:00,12839.4,13020.1,12837,12999.6,166720
2021.01.20,00:00,13067.1,13341.4,13033,13301.4,169394
2021.01.21,00:00,13331.3,13438.1,13298.1,13412.1,167996
2021.01.22,00:00,13399.6,13411.1,13315.7,13369.2,174831
2021.01.25,00:00,13410.6,13569.4,13204.4,13489,212195
2021.01.26,00:00,13483.1,13547.9,13393.6,13499.6,190317
2021.01.27,00:00,13595.6,13597.2,13037.3,13130.8,247556
2021.01.28,00:00,13009.5,13409.5,12921.8,13204.2,292029
2021.01.29,00:00,13193.7,13199.9,12844.5,12924.1,314979
2021.02.01,00:00,12780.8,13284,12779.1,13246.2,260932
2021.02.02,00:00,13277.8,13506.5,13245.3,13458.7,209535
2021.02.03,00:00,13516.6,13597,13401.9,13401.9,198431
2021.02.04,00:00,13456.5,13563.3,13357.5,13562.2,183697
2021.02.05,00:00,13563,13647.3,13528.8,13605.7,174780
2021.02.08,00:00,13643,13700.8,13605.1,13693.7,165876
2021.02.09,00:00,13685.4,13743.4,13639.8,13690.2,153078
2021.02.10,00:00,13696.9,13777.7,13526.5,13658.9,192216
2021.02.11,00:00,13668.6,13751.4,13621.1,13735.1,178407
2021.02.12,00:00,13729.3,13818.5,13654.4,13811.9,150243
2021.02.15,00:00,13836,13886.7,13827.5,13880.3,50394
2021.02.16,00:00,13871.2,13908.7,13725,13771.3,175334
2021.02.17,00:00,13751.3,13790.2,13548.2,13705.7,205234
2021.02.18,00:00,13693.9,13727.1,13473.7,13643.7,215672
2021.02.19,00:00,13654.9,13733.3,13539.9,13583.7,221835
2021.02.22,00:00,13560.1,13633.1,13224.4,13231.9,253650
2021.02.23,00:00,13258.5,13340.1,12764,13194.1,294315
2021.02.24,00:00,13150.7,13312,12964.4,13297.9,296172
2021.02.25,00:00,13309,13358.3,12769.3,12829.5,303280
2021.02.26,00:00,12811.3,13092.8,12668.1,12900.7,370049
2021.03.01,00:00,12998,13292.6,12982.7,13279.6,233678
2021.03.02,00:00,13319.6,13330.9,13054,13063.5,266340
2021.03.03,00:00,13094.6,13195.6,12680.3,12685.8,267300
2021.03.04,00:00,12631.9,12800.2,12310.6,12474.9,350713
2021.03.05,00:00,12442,12702.2,12213.2,12667.2,352554
2021.03.08,00:00,12714.3,12730.2,12290.3,12304,323064
2021.03.09,00:00,12379.5,12872.1,12331,12792.8,277370
2021.03.10,00:00,12810.7,12997.2,12708.4,12757,290312
2021.03.11,00:00,12789,13123.3,12728.4,13050.5,236760
2021.03.12,00:00,13085.2,13098,12774.9,12944,246297
2021.03.15,00:00,12952.1,13090.5,12879.6,13084.5,176139
2021.03.16,00:00,13082.1,13303.7,13064.6,13155.3,206982
2021.03.17,00:00,13180.3,13287.7,12951.8,13212.4,215001
2021.03.18,00:00,13221.6,13283.4,12778.8,12799.9,246900
2021.03.19,00:00,12812.4,12913.2,12697.8,12852.3,266201
2021.03.22,00:00,12838.2,13174.6,12833.1,13088.1,217533
2021.03.23,00:00,13099.3,13189.4,12997.1,13023.4,245240
2021.03.24,00:00,13050,13162.2,12805.7,12808,253263
2021.03.25,00:00,12819.8,12876,12627,12789.9,277267
2021.03.26,00:00,12793.4,12991.5,12693,12978.6,233445
2021.03.29,00:00,12959.5,13019.1,12823.9,12971.5,138620
2021.03.30,00:00,12997,12999.3,12794.4,12914.9,118657
2021.03.31,00:00,12887.7,13173.6,12877.2,13103.3,101598
2021.04.01,00:00,13121.7,13338.2,13113,13332,96429
2021.04.02,00:00,13346.8,13406.4,13344.6,13359.7,23969
2021.04.05,00:00,13346.9,13630.2,13327,13598.6,74912
2021.04.06,00:00,13614.4,13668.3,13539,13586.4,97668
2021.04.07,00:00,13593.1,13655.7,13528.2,13619.8,91106
2021.04.08,00:00,13640.8,13769.6,13630.3,13764.9,85630
2021.04.09,00:00,13793.6,13855,13663.8,13845.3,87427
2021.04.12,00:00,13838,13846.5,13747.2,13826.3,91455
2021.04.13,00:00,13833,14008.7,13787.5,13990.6,85285
2021.04.14,00:00,13991.1,14043.4,13788,13823.8,91927
2021.04.15,00:00,13846.5,14048.5,13804.2,14031.6,88309
2021.04.16,00:00,14023.5,14074.8,13968.6,14048.4,87027
2021.04.19,00:00,14010.3,14067.7,13836.6,13919.1,100171
2021.04.20,00:00,13920,13949.4,13735.5,13815.6,106631
2021.04.21,00:00,13766.7,13942.5,13714.8,13935.3,97979
2021.04.22,00:00,13906.5,13958.2,13717.2,13765.2,109156
2021.04.23,00:00,13770.9,13996.2,13753.6,13940.6,91984
2021.04.26,00:00,13933,14041,13881.2,14031.3,88179
2021.04.27,00:00,14038.5,14064,13927.8,13966.1,86365
2021.04.28,00:00,13981,13997.2,13893.6,13910.7,93505
2021.04.29,00:00,13976.2,14079.1,13833.8,13970.1,96574
2021.04.30,00:00,13946.4,13970.9,13834.2,13875.4,104472
2021.05.03,00:00,13895.7,13961.2,13785.7,13804.5,90131
2021.05.04,00:00,13800,13803.6,13394.5,13556.4,112208
2021.05.05,00:00,13534.1,13679.3,13477.5,13509,102446
2021.05.06,00:00,13488.6,13615.4,13402.2,13609.7,121800
2021.05.07,00:00,13621.9,13827.2,13598.7,13717.8,108283
2021.05.10,00:00,13742.8,13762.5,13363.3,13365.5,110964
2021.05.11,00:00,13324.2,13385.8,13076.2,13353.9,154584
2021.05.12,00:00,13342.2,13362,12971.1,13009.8,161890
2021.05.13,00:00,13004.4,13233.2,12925.2,13108.6,154399
2021.05.14,00:00,13099.3,13435.4,13080.4,13393.7,117431
2021.05.17,00:00,13430.3,13433.3,13192.8,13315.2,123709
2021.05.18,00:00,13323.1,13441.5,13213.8,13222.5,99143
2021.05.19,00:00,13203.9,13248.6,12961.6,13240.2,144754
2021.05.20,00:00,13211.1,13529.2,13158,13494.8,106719
2021.05.21,00:00,13502.7,13575.7,13402.9,13415.8,103396
2021.05.24,00:00,13380,13692.5,13367.1,13645,90522
2021.05.25,00:00,13663.5,13744.8,13613.4,13663.5,98669
2021.05.26,00:00,13679.1,13734.4,13662.4,13708.5,84511
2021.05.27,00:00,13719.9,13725.9,13626.3,13657.4,93313
2021.05.28,00:00,13693.2,13768.9,13668.3,13697.4,79263
2021.05.31,00:00,13719.2,13724.9,13657.2,13659.6,40072
2021.06.01,00:00,13685.7,13777.9,13598.1,13655.4,86118
2021.06.02,00:00,13640.5,13716.3,13607.4,13678.8,85393
2021.06.03,00:00,13686.4,13709.4,13465.6,13531.1,98837
2021.06.04,00:00,13529.2,13786.5,13470.7,13770.5,90180
2021.06.07,00:00,13776.9,13809,13693.5,13803.2,86954
2021.06.08,00:00,13816.2,13917,13743,13809.3,94320
2021.06.09,00:00,13817.5,13904.5,13807.5,13817.5,83199
2021.06.10,00:00,13818.9,13965.2,13727.7,13960.4,91332
2021.06.11,00:00,13975.9,14002.2,13938,14000.4,76884
2021.06.14,00:00,14023.9,14139.9,13974.1,14139.9,67632
2021.06.15,00:00,14122.8,14171.2,14017.3,14043.8,75725
2021.06.16,00:00,14054.6,14112.6,13847.3,13993.6,87091
2021.06.17,00:00,13943.8,14216.9,13858.9,14174.5,108446
2021.06.18,00:00,14201.8,14222.2,14028.5,14058.7,106920
2021.06.21,00:00,14041.3,14160.2,13975.7,14144.2,115739
2021.06.22,00:00,14149.9,14295.4,14083.3,14275.1,90852
2021.06.23,00:00,14285.2,14331.1,14248.3,14280.2,82088
2021.06.24,00:00,14294.8,14438,14289.7,14370.1,76359
2021.06.25,00:00,14377.7,14409.8,14329.2,14355,78358
2021.06.28,00:00,14376.8,14535.4,14349.7,14528,77432
2021.06.29,00:00,14509.1,14582.2,14484.3,14579.2,79197
2021.06.30,00:00,14596.3,14614,14534.8,14560.7,80642
2021.07.01,00:00,14571.8,14621,14486.2,14564,84022
2021.07.02,00:00,14550.2,14742.2,14527.3,14728.4,79423
2021.07.05,00:00,14729.6,14735.3,14688.6,14706.6,42218
2021.07.06,00:00,14719.1,14802.1,14638,14788.6,88097
2021.07.07,00:00,14785.1,14896.1,14739.6,14815.9,95636
2021.07.08,00:00,14817.6,14834.3,14554.3,14736,126363
2021.07.09,00:00,14727.3,14844.5,14654.1,14822.3,101285
2021.07.12,00:00,14842.4,14901.1,14798.5,14881.4,84393
2021.07.13,00:00,14887.8,15007.7,14807.5,14880.2,83559
2021.07.14,00:00,14883.3,15009,14855.5,14908.9,98193
2021.07.15,00:00,14915.9,14976.1,14722.1,14803.7,103968
2021.07.16,00:00,14781.2,14882.1,14670.7,14685.1,103223
2021.07.19,00:00,14680.1,14686,14458.3,14566.2,137987
2021.07.20,00:00,14595.1,14794.2,14529.7,14731.2,107747
2021.07.21,00:00,14751.7,14843.9,14680.7,14840.5,96763
2021.07.22,00:00,14841.2,14943.2,14839.7,14941.9,83098
2021.07.23,00:00,14988.8,15129.5,14946.5,15111.5,80198
2021.07.26,00:00,15113,15146.5,15051.4,15129.8,91526
2021.07.27,00:00,15128.5,15144.5,14787.4,14965.2,104689
2021.07.28,00:00,14920.4,15086.9,14906.5,15019.7,116660
2021.07.29,00:00,14998.6,15095.9,14957.5,15048.5,89888
2021.07.30,00:00,14941.1,14991.5,14823.6,14968.6,110346
2021.08.02,00:00,15005.6,15068.5,14945.3,14966.8,93519
2021.08.03,00:00,14972.6,15063.4,14863.3,15059.4,95203
2021.08.04,00:00,15058.9,15123.7,15012.5,15084.7,85566
2021.08.05,00:00,15097.7,15186.2,15084.4,15180.7,76255
2021.08.06,00:00,15176.3,15181.6,15059.8,15107.8,75998
2021.08.09,00:00,15083.9,15157.7,15016.3,15134.4,78119
2021.08.10,00:00,15131.2,15169,15007,15057.2,75155
2021.08.11,00:00,15050.2,15129.5,14974.5,15033.6,83387
2021.08.12,00:00,15009.2,15100.2,14951.9,15087.1,69710
2021.08.13,00:00,15082.1,15151.6,15065.6,15136.9,65359
2021.08.16,00:00,15122.8,15145.3,14926.3,15144.4,82617
2021.08.17,00:00,15136.6,15142.1,14905.9,15009.5,101441
2021.08.18,00:00,14975.9,15042.7,14848.2,14862.9,92914
2021.08.19,00:00,14857.9,15003.8,14716.2,14934.7,128996
2021.08.20,00:00,14942.5,15105.5,14857.4,15089.5,105469
2021.08.23,00:00,15119.8,15343.6,15109.3,15313.4,79933
2021.08.24,00:00,15336.2,15389.8,15315.4,15362.4,74894
2021.08.25,00:00,15367,15402.2,15339.4,15368.7,74538
2021.08.26,00:00,15367.9,15372.6,15261.3,15280.1,87932
2021.08.27,00:00,15293.4,15449.3,15271.1,15431.8,78307
2021.08.30,00:00,15443.8,15622.4,15425.6,15603.3,67738
2021.08.31,00:00,15614.1,15681.7,15522.6,15588.5,89795
2021.09.01,00:00,15597.4,15701.2,15582.2,15615.4,78155
2021.09.02,00:00,15620.2,15683.1,15553.9,15605.8,79026
2021.09.03,00:00,15603.7,15679.1,15554.6,15655.6,78033
2021.09.06,00:00,15662.1,15709.8,15644,15701.8,37551
2021.09.07,00:00,15696.1,15702.2,15608,15674.8,82066
2021.09.08,00:00,15673.3,15692,15524.6,15623.9,91853
2021.09.09,00:00,15607.6,15676,15547.6,15563.6,92391
2021.09.10,00:00,15556.9,15670.2,15437,15449.1,86114
2021.09.13,00:00,15472,15570.5,15360.1,15447.7,98394
2021.09.14,00:00,15461.9,15538.3,15360.9,15399.1,90511
2021.09.15,00:00,15405.1,15531.4,15324.1,15515.6,87848
2021.09.16,00:00,15526,15551.3,15378.4,15529.9,85970
2021.09.17,00:00,15515.8,15547.9,15296.2,15340.3,94050
2021.09.20,00:00,15315.1,15357.7,14827.4,15025,127406
2021.09.21,00:00,15027.7,15181.3,14993.5,15038.3,114634
2021.09.22,00:00,15007.6,15244.7,14948.9,15180.7,109421
2021.09.23,00:00,15196,15365.2,15194.8,15317.7,96238
2021.09.24,00:00,15325.4,15352.9,15195.5,15334.6,97073
2021.09.27,00:00,15328,15417.8,15102.7,15214,100933
2021.09.28,00:00,15197.2,15210.6,14760,14782.6,130455
2021.09.29,00:00,14790.1,14944,14730.7,14762.8,127002
2021.09.30,00:00,14774.2,14901.4,14690.2,14693.6,124647
2021.10.01,00:00,14710.9,14835.2,14555.6,14788.2,135159
2021.10.04,00:00,14846.8,14850.5,14383.9,14484.2,139921
2021.10.05,00:00,14517.1,14768.7,14425.8,14672.8,117581
2021.10.06,00:00,14684.3,14779.9,14438.2,14770.3,136248
2021.10.07,00:00,14806,15015.1,14805.5,14900.4,95553
2021.10.08,00:00,14907.1,15009.5,14805.8,14826.6,104091
2021.10.11,00:00,14784.7,14911.8,14696.8,14715.1,107774
2021.10.12,00:00,14701.3,14798.1,14602.3,14665,112420
2021.10.13,00:00,14619.1,14810,14607.1,14781.7,101597
2021.10.14,00:00,14806,15064,14804.3,15051.4,75423
2021.10.15,00:00,15079.9,15153.4,15036.4,15150.4,85196
2021.10.18,00:00,15141.4,15309.3,15054.1,15301.3,88806
2021.10.19,00:00,15298,15419.2,15286.5,15416.3,77192
2021.10.20,00:00,15412.6,15461.7,15335.2,15398.6,79368
2021.10.21,00:00,15365.7,15499.6,15316.9,15490.3,79586
2021.10.22,00:00,15409.7,15479.2,15289.9,15357.6,90970
2021.10.25,00:00,15347.6,15556.9,15312.4,15517.3,83563
2021.10.26,00:00,15546.1,15716.5,15519.3,15559.5,88579
2021.10.27,00:00,15581.5,15733,15523.4,15601,94694
2021.10.28,00:00,15622.3,15787.7,15607.8,15776.8,90811
2021.10.29,00:00,15704.5,15861.1,15610,15853.8,97517
2021.11.01,00:00,15906.5,15929.5,15783.7,15907.6,81135
2021.11.02,00:00,15901,15994.6,15864.4,15977.3,78622
2021.11.03,00:00,15961.6,16160.5,15950.8,16145.6,72425
2021.11.04,00:00,16163.5,16389.1,16160.5,16348.6,78475
2021.11.05,00:00,16356.7,16459.3,16303.4,16361.6,86322
2021.11.08,00:00,16325.5,16404.4,16283.6,16340.9,86681
2021.11.09,00:00,16324,16402.3,16171.3,16227.1,93452
2021.11.10,00:00,16196.5,16252.3,15908.3,15987.7,105288
2021.11.11,00:00,15998.7,16123.2,15985.9,16033.6,86419
2021.11.12,00:00,16059.7,16222.3,16011.8,16199.5,76676
2021.11.15,00:00,16240.9,16284.8,16091,16195.9,77069
2021.11.16,00:00,16198,16331.4,16151.9,16312.9,77389
2021.11.17,00:00,16302.7,16401.1,16274.9,16319.7,72898
2021.11.18,00:00,16333.3,16507,16308.9,16485.7,80920
2021.11.19,00:00,16505.5,16632.7,16498.3,16576,96135
2021.11.22,00:00,16608.4,16771.6,16381.6,16387.9,91650
2021.11.23,00:00,16412.8,16422.9,16123.3,16310.8,119881
2021.11.24,00:00,16306,16371.7,16105.9,16367.2,109013
2021.11.25,00:00,16365.7,16438.9,16355.9,16409.2,36251
2021.11.26,00:00,16396.7,16397.5,15994.1,16045.3,127895
2021.11.29,00:00,16144.1,16441.1,16143.9,16395.8,119501
2021.11.30,00:00,16438.3,16459.5,16073.9,16148.9,147089
2021.12.01,00:00,16243.7,16430,15862.7,15877.7,130539
2021.12.02,00:00,15893.7,16066.7,15764.7,15995.7,157934
2021.12.03,00:00,15969.7,16123.2,15541.7,15718.5,158062
2021.12.06,00:00,15714.8,15898,15560.7,15847,141946
2021.12.07,00:00,15842,16345,15825.4,16321.5,103114
2021.12.08,00:00,16336.8,16435.1,16253.4,16390.2,108162
2021.12.09,00:00,16389.7,16420.7,16140.3,16149.7,96197
2021.12.10,00:00,16171.3,16353.8,16145.2,16344.8,96188
2021.12.13,00:00,16364.9,16429.2,16090.1,16106.1,103211
2021.12.14,00:00,16099.5,16148.9,15751.8,15943.1,120057
2021.12.15,00:00,15929.8,16312.7,15756.4,16297.4,122520
2021.12.16,00:00,16343.6,16472.8,15808.9,15878.7,131057
2021.12.17,00:00,15833.2,15973.6,15668.7,15796,151996
2021.12.20,00:00,15809.8,15823,15509.5,15642.7,152839
2021.12.21,00:00,15721.3,16001.2,15619.7,15987.7,116909
2021.12.22,00:00,15973.8,16191.4,15896.5,16182.1,101069
2021.12.23,00:00,16191.7,16368.7,16160.2,16309,71971
2021.12.27,00:00,16348,16577.1,16318.6,16574.8,75242
2021.12.28,00:00,16572,16671.5,16467.3,16508.5,93134
2021.12.29,00:00,16541.5,16577.8,16401.7,16503.7,88464
2021.12.30,00:00,16473.9,16580.8,16426,16443.1,77098
2021.12.31,00:00,16451.2,16476.9,16361,16388.2,68940
2022.01.03,00:00,16393.7,16511.3,16305.8,16502.8,94913
2022.01.04,00:00,16511.7,16574.5,16151.8,16282.6,105972
2022.01.05,00:00,16252.3,16270.6,15770.2,15775.8,126461
2022.01.06,00:00,15779.8,15905.1,15609.4,15770,160648
2022.01.07,00:00,15821.5,15862.7,15520.7,15594.6,135028
2022.01.10,00:00,15538,15678.8,15163.1,15616.2,148105
2022.01.11,00:00,15646.9,15848,15485.2,15836.5,139033
2022.01.12,00:00,15829.9,16021.7,15776.5,15904.7,127979
2022.01.13,00:00,15903.1,15990.8,15475,15515.5,130036
2022.01.14,00:00,15508.3,15620,15325.9,15609.1,160179
2022.01.17,00:00,15602.9,15649.3,15520.9,15570.7,66524
2022.01.18,00:00,15575.7,15615.9,15183.1,15224.8,155091
2022.01.19,00:00,15236.2,15381.7,15037,15050.5,157673
2022.01.20,00:00,15032.2,15351.7,14830.5,14847.7,138531
2022.01.21,00:00,14707.3,14870.2,14426.8,14427.3,196734
2022.01.24,00:00,14521,14591.2,13719.2,14525.2,238554
2022.01.25,00:00,14441.9,14502.9,14028.5,14163.2,235096
2022.01.26,00:00,14205.1,14653,13991.8,14161.4,203794
2022.01.27,00:00,14280.4,14423.6,13860.2,14002.6,244190
2022.01.28,00:00,14156.8,14450.5,13845,14449,225236
2022.01.31,00:00,14423.3,14928.9,14367.3,14908.2,163598
2022.02.01,00:00,14881.9,15033.4,14743.7,15003,150223
2022.02.02,00:00,15133,15275.5,14957.1,15127,148230
2022.02.03,00:00,14840.6,14884.6,14471.9,14515.4,162698
2022.02.04,00:00,14772.8,14836.8,14374.2,14694.2,181802
2022.02.07,00:00,14710.6,14818.6,14524.2,14579.1,172953
2022.02.08,00:00,14621.2,14788.6,14480.7,14747.1,150104
2022.02.09,00:00,14790,15055.3,14759,15054.6,117982
2022.02.10,00:00,15056.6,15063.3,14632.6,14712.8,163175
2022.02.11,00:00,14691.4,14776.4,14191.1,14246.3,181978
2022.02.14,00:00,14207.8,14403.4,14039.8,14265.1,210049
2022.02.15,00:00,14304.3,14623.9,14233.5,14617.4,150598
2022.02.16,00:00,14581.5,14675,14388.1,14606.2,146845
2022.02.17,00:00,14621.5,14625.8,14153.8,14170.8,152845
2022.02.18,00:00,14179.1,14304.6,13912,14009.7,162544
2022.02.21,00:00,13861.6,14163.7,13722.5,13739.8,108928
2022.02.22,00:00,13614.3,14113.4,13606.6,13871.9,216238
2022.02.23,00:00,13975.8,14074.3,13501.4,13513.4,160680
2022.02.24,00:00,13485.4,13986.4,13030.9,13970.9,276064
2022.02.25,00:00,13864.6,14190.9,13765.7,14185.4,205291
2022.02.28,00:00,13827.4,14296.3,13760.9,14236.6,203736
2022.03.01,00:00,14236.6,14331.5,13905.5,14008,182905
2022.03.02,00:00,14021.1,14293.4,13916.6,14241.2,181475
2022.03.03,00:00,14205,14393.9,13958.2,14037.2,157471
2022.03.04,00:00,14066.9,14089.6,13736.8,13835.5,192190
2022.03.07,00:00,13594,13881.5,13315,13321.5,191240
2022.03.08,00:00,13280.7,13666.1,13104.6,13255.8,215050
2022.03.09,00:00,13225.7,13796.2,13224,13740.6,182026
2022.03.10,00:00,13737,13764.5,13396.6,13590.2,170263
2022.03.11,00:00,13594,13859.7,13281.5,13297.4,148887
2022.03.14,00:00,13360.2,13441.7,13019,13052.6,159875
2022.03.15,00:00,13075.4,13489.5,12945.8,13459,156299
2022.03.16,00:00,13443.6,13960,13421.8,13959.3,163373
2022.03.17,00:00,13970.4,14124.6,13822.4,14123.3,147360
2022.03.18,00:00,14053,14427.4,13971.5,14412,129980
2022.03.21,00:00,14413.2,14469.9,14188.6,14375.9,143235
2022.03.22,00:00,14377,14695.1,14299,14660.6,127835
2022.03.23,00:00,14660.2,14686.6,14447.2,14448.6,127096
2022.03.24,00:00,14470.2,14773,14439.5,14771,131424
2022.03.25,00:00,14763.4,14844.6,14577.4,14759.4,125492
2022.03.28,00:00,14758.4,14992,14664.7,14991.8,137525
2022.03.29,00:00,14975,15274,14962.2,15247,133451
2022.03.30,00:00,15221,15266.8,15017.4,15083.6,129297
2022.03.31,00:00,15112.6,15184.6,14860.6,14874.3,123718
2022.04.01,00:00,14906.2,14963.6,14730.3,14867.1,133124
2022.04.04,00:00,14844.6,15171.5,14807,15169.4,112450
2022.04.05,00:00,15160.9,15200.3,14781.3,14830.8,117148
2022.04.06,00:00,14837.8,14849.2,14397.4,14507.6,157467
2022.04.07,00:00,14509.6,14635.1,14321.8,14545.5,155707
2022.04.08,00:00,14544.3,14642.5,14312.2,14335.5,140446
2022.04.11,00:00,14350.7,14371.8,13986.2,14001.6,149415
2022.04.12,00:00,14011.6,14285.2,13883.7,13945.4,156423
2022.04.13,00:00,13947.5,14269,13925.3,14224,138749
2022.04.14,00:00,14218.8,14298.3,13888.6,13896.6,131052
2022.04.18,00:00,13803.8,14005.2,13733.8,13919.8,113084
2022.04.19,00:00,13982.4,14243.8,13831.8,14214.8,134200
2022.04.20,00:00,14112.2,14301.6,13962.4,14008.1,146018
2022.04.21,00:00,14082.4,14286.6,13684.6,13725,151037
2022.04.22,00:00,13723.4,13783.1,13346.2,13363,166262
2022.04.25,00:00,13330.6,13548,13189.5,13538.3,197523
2022.04.26,00:00,13519.8,13589.1,13011.8,13012.6,160967
2022.04.27,00:00,13033.8,13259.8,12937.4,13009.4,205419
2022.04.28,00:00,13178.2,13547.8,13039.9,13467.1,166037
2022.04.29,00:00,13268.5,13439,12838.2,12859,172659
2022.05.02,00:00,12831.5,13088,12715,13079,203280
2022.05.03,00:00,13057.8,13189.2,12975.7,13096.2,193012
2022.05.04,00:00,13135.8,13561.1,12890.2,13539.1,156278
2022.05.05,00:00,13539.4,13556.6,12712,12863.9,192820
2022.05.06,00:00,12857,12929.2,12522.2,12698.2,226763
2022.05.09,00:00,12598.6,12639.8,12139.2,12200.7,211490
2022.05.10,00:00,12234.5,12551.2,12105.9,12348.3,218578
2022.05.11,00:00,12340.7,12556.2,11943.2,11976.4,214485
2022.05.12,00:00,11966.8,12135,11693.2,11951.3,231272
2022.05.13,00:00,11947,12435,11932,12387.4,169303
2022.05.16,00:00,12470.8,12500.8,12193,12249.4,182336
2022.05.17,00:00,12259.6,12580,12249.4,12568.9,153297
2022.05.18,00:00,12585.8,12591.4,11888.8,11939.8,143547
2022.05.19,00:00,11881.8,12074.3,11702,11874.9,197467
2022.05.20,00:00,11920.3,12095.2,11487.7,11834.2,171298
2022.05.23,00:00,11909.2,12052.1,11783.8,12033.8,167108
2022.05.24,00:00,11839.8,11896,11575.4,11779.1,163414
2022.05.25,00:00,11842.7,12032,11670.6,11948.2,164269
2022.05.26,00:00,11893.8,12341.8,11848,12274.6,134440
2022.05.27,00:00,12282.3,12680.3,12219.7,12680.3,110604
2022.05.30,00:00,12689.8,12880.6,12687.8,12807.6,60555
2022.05.31,00:00,12752.2,12824.3,12480.2,12640.6,165543
2022.06.01,00:00,12667,12820.5,12452.9,12547.9,154547
2022.06.02,00:00,12530.2,12896.3,12439.1,12892.1,144312
2022.06.03,00:00,12916.7,12929.9,12499.9,12548.8,146253
2022.06.06,00:00,12531.4,12807,12524.7,12596.8,142485
2022.06.07,00:00,12591.4,12737.6,12410.8,12709,144219
2022.06.08,00:00,12693.3,12781.1,12577.8,12618,141720
2022.06.09,00:00,12614.7,12723.9,12269,12269.8,147836
2022.06.10,00:00,12274.4,12337.8,11821.6,11836.1,148403
2022.06.13,00:00,11681.8,11692.6,11256.9,11298.1,177694
2022.06.14,00:00,11371.4,11506.5,11208.9,11323.1,173112
2022.06.15,00:00,11355.2,11766.2,11331.7,11605.5,175958
2022.06.16,00:00,11674.8,11746,11041.3,11137.7,183396
2022.06.17,00:00,11185.6,11367.9,11092.9,11266.8,182329
2022.06.20,00:00,11357.3,11409.5,11247.3,11396,86842
2022.06.21,00:00,11385.3,11652.8,11370.4,11554,119398
2022.06.22,00:00,11543.3,11720.9,11295.7,11534,137158
2022.06.23,00:00,11501.7,11742.5,11436.5,11709.3,160365
2022.06.24,00:00,11669.3,12123.6,11661.2,12123.6,115441
2022.06.27,00:00,12082.9,12238.6,11968.6,12018.5,134372
2022.06.28,00:00,12031.3,12148.4,11644.1,11649.2,134414
2022.06.29,00:00,11666.8,11723.8,11540.5,11665.1,140848
2022.06.30,00:00,11670.9,11672.3,11326.8,11512.6,158668
2022.07.01,00:00,11464.6,11604.6,11359.5,11590.4,159207
2022.07.04,00:00,11578,11592.4,11480.4,11533.7,67905
2022.07.05,00:00,11583.5,11790,11365,11790,148794
2022.07.06,00:00,11791.8,11949.8,11704.6,11859.8,156050
2022.07.07,00:00,11876.5,12143.7,11812.7,12112.6,111038
2022.07.08,00:00,12091.7,12186.3,11928.4,12130.8,122737
2022.07.11,00:00,12080.3,12104.3,11830.1,11866.5,119419
2022.07.12,00:00,11878.1,12003.3,11691.6,11756,127503
2022.07.13,00:00,11751.7,11944.6,11458.6,11736.1,154900
2022.07.14,00:00,11703.3,11810,11487.4,11775.6,157364
2022.07.15,00:00,11797.6,11988.8,11716.9,11983.6,126830
2022.07.18,00:00,12021.4,12161.4,11834.1,11882.4,116552
2022.07.19,00:00,11891.2,12261,11866.4,12246.4,108779
2022.07.20,00:00,12292.5,12493.8,12212.1,12442.1,124173
2022.07.21,00:00,12409.4,12621.3,12350.1,12621.3,142213
2022.07.22,00:00,12528.4,12669.8,12321.4,12399.6,128596
2022.07.25,00:00,12390.9,12476.8,12247.6,12333.9,121672
2022.07.26,00:00,12284.2,12313,12055.6,12087.9,112073
2022.07.27,00:00,12252.4,12675,12217.7,12601.5,118003
2022.07.28,00:00,12560.8,12749.8,12434.8,12725,125533
2022.07.29,00:00,12881.9,12991.7,12729.9,12956.3,122933
2022.08.01,00:00,12908.1,13094.5,12838,12949.2,124887
2022.08.02,00:00,12942.8,13084.3,12804.3,12909.7,140006
2022.08.03,00:00,12902.7,13297,12856.3,13259.1,124453
2022.08.04,00:00,13226.9,13342.6,13172.1,13316.4,126126
2022.08.05,00:00,13313.8,13368.3,13071.1,13211.8,122819
2022.08.08,00:00,13175.8,13405.1,13107.5,13167.2,123481
2022.08.09,00:00,13185.4,13220.3,12951.6,13019.4,120354
2022.08.10,00:00,13039.2,13394.4,12970.2,13380.9,118430
2022.08.11,00:00,13359.6,13561.5,13272.8,13304.1,125394
2022.08.12,00:00,13313.1,13567.8,13299.3,13565.4,104907
2022.08.15,00:00,13540.6,13693.8,13484.3,13673.5,100164
2022.08.16,00:00,13660.7,13729.5,13512.3,13643.8,106030
2022.08.17,00:00,13637.1,13656.5,13388.1,13475.6,120414
2022.08.18,00:00,13469.2,13556,13392,13508.3,110613
2022.08.19,00:00,13508.9,13513.9,13212.1,13244.4,108577
2022.08.22,00:00,13181.9,13206.3,12860.1,12897.6,117014
2022.08.23,00:00,12914.4,13002.5,12807.9,12883.1,128904
2022.08.24,00:00,12883.5,12995.6,12810.6,12918.7,114946
2022.08.25,00:00,12932.7,13146.3,12911,13143.7,115007
2022.08.26,00:00,13123.9,13205.7,12603.5,12606.7,131123
2022.08.29,00:00,12480.3,12599.5,12390.7,12485,151481
2022.08.30,00:00,12486.5,12648,12240,12344.7,144161
2022.08.31,00:00,12344.3,12502.3,12267.3,12272.3,152834
2022.09.01,00:00,12214.7,12287.9,12008.3,12274.2,156046
2022.09.02,00:00,12292.5,12451.4,12030.9,12100.3,160082
2022.09.05,00:00,12059.9,12159.2,12049,12128.6,78480
2022.09.06,00:00,12142.7,12236.8,11925,12014.3,156861
2022.09.07,00:00,12022.7,12299.8,11918.4,12257.2,142939
2022.09.08,00:00,12272.7,12373.9,12111.1,12319.9,146540
2022.09.09,00:00,12326.2,12608.5,12324.8,12584.7,108761
2022.09.12,00:00,12640.3,12778.9,12571.3,12776.1,112606
2022.09.13,00:00,12768.8,12880.2,12010.1,12043,134818
2022.09.14,00:00,12058.8,12178.5,12008.7,12170.7,154674
2022.09.15,00:00,12173.1,12194.2,11866,11942.8,137208
2022.09.16,00:00,11847.6,11877.3,11708.7,11863.9,140734
2022.09.19,00:00,11823.6,11997.4,11724.3,11967.9,119364
2022.09.20,00:00,11986,12025,11761.5,11873.6,120046
2022.09.21,00:00,11860.6,12068.1,11580,11581.6,138512
2022.09.22,00:00,11596.6,11726.8,11442.3,11487.4,166053
2022.09.23,00:00,11513.8,11532.4,11161.5,11320.7,152751
2022.09.26,00:00,11318.8,11471.2,11191.6,11245.5,190151
2022.09.27,00:00,11250.9,11501.8,11168.8,11276.8,170037
2022.09.28,00:00,11285.2,11548.3,11080,11483.5,188411
2022.09.29,00:00,11495.5,11499.5,11027.7,11167.5,171939
2022.09.30,00:00,11174.7,11292.9,10961.7,11006.8,183387
2022.10.03,00:00,10934.2,11296.1,10829.8,11251.1,164378
2022.10.04,00:00,11240.1,11610.8,11219.5,11579.7,144551
2022.10.05,00:00,11564.7,11647.9,11307,11573.2,138630
2022.10.06,00:00,11570.2,11667.7,11446.8,11455.1,157741
2022.10.07,00:00,11439.3,11503,10983.9,11029.7,148027
2022.10.10,00:00,10950.3,11077.6,10820.7,10936.6,152144
2022.10.11,00:00,10947.3,10989.3,10718.2,10808.6,170839
2022.10.12,00:00,10812.4,10926.8,10756.4,10798.7,176775
2022.10.13,00:00,10806.8,11094.5,10437.2,11029,166617
2022.10.14,00:00,11014.9,11206.2,10680.3,10703.1,180354
2022.10.17,00:00,10749.3,11100.7,10717.9,11089.6,145775
2022.10.18,00:00,11147.5,11387.5,11038.3,11274.3,167395
2022.10.19,00:00,11271.7,11340,11008.8,11100.3,166126
2022.10.20,00:00,11099.2,11286.5,10966.7,11019.9,175392
2022.10.21,00:00,10993.6,11336.9,10896.7,11335.2,164886
2022.10.24,00:00,11451,11477.2,11170,11435.2,191409
2022.10.25,00:00,11430.8,11693.4,11393.3,11532.5,145811
2022.10.26,00:00,11468.6,11666.2,11378.7,11415.7,156516
2022.10.27,00:00,11417.2,11501.2,10956.5,10977.9,166322
2022.10.28,00:00,11122,11152.8,11025.9,11053.7,55619
